DATE;STORE;VISITS
2010-01-01;Store_9;2888
2010-02-01;Store_9;3713
2010-03-01;Store_9;4533
2010-04-01;Store_9;15172
2010-05-01;Store_9;31508
2010-06-01;Store_9;35296
2010-07-01;Store_9;36377
2010-08-01;Store_9;42749
2010-09-01;Store_9;35380
2010-10-01;Store_9;13284
2010-11-01;Store_9;4185
2010-12-01;Store_9;3418
2011-01-01;Store_9;2815
2011-02-01;Store_9;3612
2011-03-01;Store_9;5126
2011-04-01;Store_9;15155
2011-05-01;Store_9;28110
2011-06-01;Store_9;35118
2011-07-01;Store_9;34436
2011-08-01;Store_9;42870
2011-09-01;Store_9;35637
2011-10-01;Store_9;14594
2011-11-01;Store_9;3644
2011-12-01;Store_9;3289
2012-01-01;Store_9;2981
2012-02-01;Store_9;3399
2012-03-01;Store_9;5052
2012-04-01;Store_9;15049
2012-05-01;Store_9;27231
2012-06-01;Store_9;32607
2012-07-01;Store_9;35336
2012-08-01;Store_9;46867
2012-09-01;Store_9;34909
2012-10-01;Store_9;14282
2012-11-01;Store_9;4834
2012-12-01;Store_9;3692
2013-01-01;Store_9;2575
2013-02-01;Store_9;3026
2013-03-01;Store_9;5038
2013-04-01;Store_9;13107
2013-05-01;Store_9;30450
2013-06-01;Store_9;33770
2013-07-01;Store_9;33568
2013-08-01;Store_9;45001
2013-09-01;Store_9;34696
2013-10-01;Store_9;15107
2013-11-01;Store_9;4236
2013-12-01;Store_9;3564
2014-01-01;Store_9;2839
2014-02-01;Store_9;2859
2014-03-01;Store_9;4366
2014-04-01;Store_9;12450
2014-05-01;Store_9;27468
2014-06-01;Store_9;32036
2014-07-01;Store_9;29524
2014-08-01;Store_9;41830
2014-09-01;Store_9;33842
2014-10-01;Store_9;14469
2014-11-01;Store_9;3283
2014-12-01;Store_9;2890
2015-01-01;Store_9;2614
2015-02-01;Store_9;2783
2015-03-01;Store_9;3965
2015-04-01;Store_9;11980
2015-05-01;Store_9;30090
2015-06-01;Store_9;33418
2015-07-01;Store_9;34429
2015-08-01;Store_9;45252
2015-09-01;Store_9;35766
2015-10-01;Store_9;16581
2015-11-01;Store_9;3617
2015-12-01;Store_9;2884
2016-01-01;Store_9;
2016-02-01;Store_9;
2016-03-01;Store_9;
2016-04-01;Store_9;
2016-05-01;Store_9;
2016-06-01;Store_9;
2016-07-01;Store_9;
2016-08-01;Store_9;
2016-09-01;Store_9;
2016-10-01;Store_9;
2016-11-01;Store_9;
2016-12-01;Store_9;
2010-01-01;Store_12;246271
2010-02-01;Store_12;230315
2010-03-01;Store_12;282836
2010-04-01;Store_12;271411
2010-05-01;Store_12;291172
2010-06-01;Store_12;284775
2010-07-01;Store_12;255014
2010-08-01;Store_12;208028
2010-09-01;Store_12;266886
2010-10-01;Store_12;284320
2010-11-01;Store_12;262295
2010-12-01;Store_12;279505
2011-01-01;Store_12;248547
2011-02-01;Store_12;223684
2011-03-01;Store_12;275892
2011-04-01;Store_12;271096
2011-05-01;Store_12;289151
2011-06-01;Store_12;288858
2011-07-01;Store_12;255367
2011-08-01;Store_12;222145
2011-09-01;Store_12;267953
2011-10-01;Store_12;281397
2011-11-01;Store_12;267602
2011-12-01;Store_12;278758
2012-01-01;Store_12;236564
2012-02-01;Store_12;227410
2012-03-01;Store_12;270950
2012-04-01;Store_12;272512
2012-05-01;Store_12;266977
2012-06-01;Store_12;291111
2012-07-01;Store_12;263884
2012-08-01;Store_12;206825
2012-09-01;Store_12;256350
2012-10-01;Store_12;261646
2012-11-01;Store_12;269567
2012-12-01;Store_12;268413
2013-01-01;Store_12;228867
2013-02-01;Store_12;224737
2013-03-01;Store_12;249249
2013-04-01;Store_12;253190
2013-05-01;Store_12;238864
2013-06-01;Store_12;259743
2013-07-01;Store_12;221266
2013-08-01;Store_12;194924
2013-09-01;Store_12;234663
2013-10-01;Store_12;260238
2013-11-01;Store_12;253060
2013-12-01;Store_12;244719
2014-01-01;Store_12;226861
2014-02-01;Store_12;206422
2014-03-01;Store_12;250890
2014-04-01;Store_12;244405
2014-05-01;Store_12;247679
2014-06-01;Store_12;250701
2014-07-01;Store_12;220383
2014-08-01;Store_12;206208
2014-09-01;Store_12;235929
2014-10-01;Store_12;257429
2014-11-01;Store_12;244396
2014-12-01;Store_12;251225
2015-01-01;Store_12;230420
2015-02-01;Store_12;213999
2015-03-01;Store_12;240812
2015-04-01;Store_12;244668
2015-05-01;Store_12;247583
2015-06-01;Store_12;263388
2015-07-01;Store_12;227982
2015-08-01;Store_12;199461
2015-09-01;Store_12;250255
2015-10-01;Store_12;267942
2015-11-01;Store_12;226500
2015-12-01;Store_12;234927
2016-01-01;Store_12;
2016-02-01;Store_12;
2016-03-01;Store_12;
2016-04-01;Store_12;
2016-05-01;Store_12;
2016-06-01;Store_12;
2016-07-01;Store_12;
2016-08-01;Store_12;
2016-09-01;Store_12;
2016-10-01;Store_12;
2016-11-01;Store_12;
2016-12-01;Store_12;
2010-01-01;Store_18;74079
2010-02-01;Store_18;89776
2010-03-01;Store_18;97626
2010-04-01;Store_18;111168
2010-05-01;Store_18;126981
2010-06-01;Store_18;132867
2010-07-01;Store_18;167686
2010-08-01;Store_18;189289
2010-09-01;Store_18;126260
2010-10-01;Store_18;95383
2010-11-01;Store_18;67302
2010-12-01;Store_18;66789
2011-01-01;Store_18;69163
2011-02-01;Store_18;84419
2011-03-01;Store_18;96705
2011-04-01;Store_18;109464
2011-05-01;Store_18;121429
2011-06-01;Store_18;141213
2011-07-01;Store_18;172788
2011-08-01;Store_18;196767
2011-09-01;Store_18;136851
2011-10-01;Store_18;108892
2011-11-01;Store_18;73806
2011-12-01;Store_18;70656
2012-01-01;Store_18;72186
2012-02-01;Store_18;89432
2012-03-01;Store_18;104333
2012-04-01;Store_18;111257
2012-05-01;Store_18;122022
2012-06-01;Store_18;133681
2012-07-01;Store_18;164838
2012-08-01;Store_18;201705
2012-09-01;Store_18;131831
2012-10-01;Store_18;103117
2012-11-01;Store_18;73905
2012-12-01;Store_18;71772
2013-01-01;Store_18;67128
2013-02-01;Store_18;78536
2013-03-01;Store_18;95783
2013-04-01;Store_18;98431
2013-05-01;Store_18;132635
2013-06-01;Store_18;136579
2013-07-01;Store_18;152988
2013-08-01;Store_18;194331
2013-09-01;Store_18;128431
2013-10-01;Store_18;102024
2013-11-01;Store_18;75741
2013-12-01;Store_18;65432
2014-01-01;Store_18;69302
2014-02-01;Store_18;80609
2014-03-01;Store_18;97014
2014-04-01;Store_18;104731
2014-05-01;Store_18;130031
2014-06-01;Store_18;130420
2014-07-01;Store_18;148290
2014-08-01;Store_18;188181
2014-09-01;Store_18;119867
2014-10-01;Store_18;97746
2014-11-01;Store_18;64562
2014-12-01;Store_18;66635
2015-01-01;Store_18;70714
2015-02-01;Store_18;84734
2015-03-01;Store_18;91963
2015-04-01;Store_18;109706
2015-05-01;Store_18;129366
2015-06-01;Store_18;127979
2015-07-01;Store_18;152994
2015-08-01;Store_18;183350
2015-09-01;Store_18;123738
2015-10-01;Store_18;102209
2015-11-01;Store_18;69438
2015-12-01;Store_18;67398
2016-01-01;Store_18;
2016-02-01;Store_18;
2016-03-01;Store_18;
2016-04-01;Store_18;
2016-05-01;Store_18;
2016-06-01;Store_18;
2016-07-01;Store_18;
2016-08-01;Store_18;
2016-09-01;Store_18;
2016-10-01;Store_18;
2016-11-01;Store_18;
2016-12-01;Store_18;
2010-01-01;Store_22;101655
2010-02-01;Store_22;128935
2010-03-01;Store_22;137787
2010-04-01;Store_22;104077
2010-05-01;Store_22;97640
2010-06-01;Store_22;109220
2010-07-01;Store_22;131069
2010-08-01;Store_22;131176
2010-09-01;Store_22;104141
2010-10-01;Store_22;91152
2010-11-01;Store_22;76958
2010-12-01;Store_22;103624
2011-01-01;Store_22;108900
2011-02-01;Store_22;133125
2011-03-01;Store_22;136732
2011-04-01;Store_22;108372
2011-05-01;Store_22;97744
2011-06-01;Store_22;117426
2011-07-01;Store_22;137690
2011-08-01;Store_22;143558
2011-09-01;Store_22;113987
2011-10-01;Store_22;101400
2011-11-01;Store_22;85683
2011-12-01;Store_22;109881
2012-01-01;Store_22;110542
2012-02-01;Store_22;142497
2012-03-01;Store_22;144966
2012-04-01;Store_22;102737
2012-05-01;Store_22;96085
2012-06-01;Store_22;114864
2012-07-01;Store_22;132383
2012-08-01;Store_22;141280
2012-09-01;Store_22;109362
2012-10-01;Store_22;96103
2012-11-01;Store_22;90179
2012-12-01;Store_22;113082
2013-01-01;Store_22;114548
2013-02-01;Store_22;129129
2013-03-01;Store_22;161220
2013-04-01;Store_22;102624
2013-05-01;Store_22;103579
2013-06-01;Store_22;117629
2013-07-01;Store_22;136657
2013-08-01;Store_22;145471
2013-09-01;Store_22;110368
2013-10-01;Store_22;98286
2013-11-01;Store_22;86471
2013-12-01;Store_22;108928
2014-01-01;Store_22;104780
2014-02-01;Store_22;132744
2014-03-01;Store_22;134104
2014-04-01;Store_22;98681
2014-05-01;Store_22;94463
2014-06-01;Store_22;111496
2014-07-01;Store_22;128176
2014-08-01;Store_22;148049
2014-09-01;Store_22;108069
2014-10-01;Store_22;99515
2014-11-01;Store_22;79006
2014-12-01;Store_22;112419
2015-01-01;Store_22;110656
2015-02-01;Store_22;139097
2015-03-01;Store_22;136719
2015-04-01;Store_22;102645
2015-05-01;Store_22;102741
2015-06-01;Store_22;117071
2015-07-01;Store_22;134667
2015-08-01;Store_22;144943
2015-09-01;Store_22;112485
2015-10-01;Store_22;99672
2015-11-01;Store_22;81166
2015-12-01;Store_22;104878
2016-01-01;Store_22;
2016-02-01;Store_22;
2016-03-01;Store_22;
2016-04-01;Store_22;
2016-05-01;Store_22;
2016-06-01;Store_22;
2016-07-01;Store_22;
2016-08-01;Store_22;
2016-09-01;Store_22;
2016-10-01;Store_22;
2016-11-01;Store_22;
2016-12-01;Store_22;
2010-01-01;Store_2;33218
2010-02-01;Store_2;38625
2010-03-01;Store_2;48126
2010-04-01;Store_2;60670
2010-05-01;Store_2;68475
2010-06-01;Store_2;70463
2010-07-01;Store_2;85541
2010-08-01;Store_2;105269
2010-09-01;Store_2;75965
2010-10-01;Store_2;62627
2010-11-01;Store_2;46177
2010-12-01;Store_2;39159
2011-01-01;Store_2;35105
2011-02-01;Store_2;38883
2011-03-01;Store_2;51822
2011-04-01;Store_2;64822
2011-05-01;Store_2;69739
2011-06-01;Store_2;79320
2011-07-01;Store_2;88655
2011-08-01;Store_2;109542
2011-09-01;Store_2;80753
2011-10-01;Store_2;66805
2011-11-01;Store_2;46355
2011-12-01;Store_2;37100
2012-01-01;Store_2;35067
2012-02-01;Store_2;37875
2012-03-01;Store_2;50530
2012-04-01;Store_2;56168
2012-05-01;Store_2;67934
2012-06-01;Store_2;71179
2012-07-01;Store_2;83630
2012-08-01;Store_2;106764
2012-09-01;Store_2;79316
2012-10-01;Store_2;61497
2012-11-01;Store_2;49376
2012-12-01;Store_2;37832
2013-01-01;Store_2;35719
2013-02-01;Store_2;39415
2013-03-01;Store_2;51513
2013-04-01;Store_2;58113
2013-05-01;Store_2;71692
2013-06-01;Store_2;70763
2013-07-01;Store_2;82348
2013-08-01;Store_2;110312
2013-09-01;Store_2;76372
2013-10-01;Store_2;63177
2013-11-01;Store_2;47634
2013-12-01;Store_2;38545
2014-01-01;Store_2;34377
2014-02-01;Store_2;35481
2014-03-01;Store_2;48075
2014-04-01;Store_2;56523
2014-05-01;Store_2;66546
2014-06-01;Store_2;69649
2014-07-01;Store_2;80166
2014-08-01;Store_2;102947
2014-09-01;Store_2;76345
2014-10-01;Store_2;63334
2014-11-01;Store_2;45256
2014-12-01;Store_2;39267
2015-01-01;Store_2;36598
2015-02-01;Store_2;39905
2015-03-01;Store_2;49810
2015-04-01;Store_2;60335
2015-05-01;Store_2;70028
2015-06-01;Store_2;73253
2015-07-01;Store_2;83158
2015-08-01;Store_2;106385
2015-09-01;Store_2;78714
2015-10-01;Store_2;66090
2015-11-01;Store_2;45685
2015-12-01;Store_2;42293
2016-01-01;Store_2;
2016-02-01;Store_2;
2016-03-01;Store_2;
2016-04-01;Store_2;
2016-05-01;Store_2;
2016-06-01;Store_2;
2016-07-01;Store_2;
2016-08-01;Store_2;
2016-09-01;Store_2;
2016-10-01;Store_2;
2016-11-01;Store_2;
2016-12-01;Store_2;
2010-01-01;Store_13;25551
2010-02-01;Store_13;30357
2010-03-01;Store_13;36253
2010-04-01;Store_13;46633
2010-05-01;Store_13;57752
2010-06-01;Store_13;58989
2010-07-01;Store_13;83240
2010-08-01;Store_13;103012
2010-09-01;Store_13;58789
2010-10-01;Store_13;42818
2010-11-01;Store_13;32423
2010-12-01;Store_13;27839
2011-01-01;Store_13;26912
2011-02-01;Store_13;30968
2011-03-01;Store_13;36978
2011-04-01;Store_13;48366
2011-05-01;Store_13;54236
2011-06-01;Store_13;65370
2011-07-01;Store_13;86257
2011-08-01;Store_13;99645
2011-09-01;Store_13;63712
2011-10-01;Store_13;48093
2011-11-01;Store_13;31717
2011-12-01;Store_13;28841
2012-01-01;Store_13;25876
2012-02-01;Store_13;30442
2012-03-01;Store_13;37696
2012-04-01;Store_13;48491
2012-05-01;Store_13;58105
2012-06-01;Store_13;62412
2012-07-01;Store_13;81689
2012-08-01;Store_13;104665
2012-09-01;Store_13;63929
2012-10-01;Store_13;42734
2012-11-01;Store_13;33880
2012-12-01;Store_13;28895
2013-01-01;Store_13;24938
2013-02-01;Store_13;27741
2013-03-01;Store_13;37211
2013-04-01;Store_13;43591
2013-05-01;Store_13;58937
2013-06-01;Store_13;59600
2013-07-01;Store_13;77873
2013-08-01;Store_13;102355
2013-09-01;Store_13;58747
2013-10-01;Store_13;43881
2013-11-01;Store_13;34442
2013-12-01;Store_13;28058
2014-01-01;Store_13;26611
2014-02-01;Store_13;30096
2014-03-01;Store_13;36502
2014-04-01;Store_13;44143
2014-05-01;Store_13;54718
2014-06-01;Store_13;58469
2014-07-01;Store_13;71406
2014-08-01;Store_13;101351
2014-09-01;Store_13;59099
2014-10-01;Store_13;43937
2014-11-01;Store_13;31474
2014-12-01;Store_13;28302
2015-01-01;Store_13;28064
2015-02-01;Store_13;29114
2015-03-01;Store_13;35190
2015-04-01;Store_13;44684
2015-05-01;Store_13;60154
2015-06-01;Store_13;58182
2015-07-01;Store_13;77350
2015-08-01;Store_13;96255
2015-09-01;Store_13;59492
2015-10-01;Store_13;43901
2015-11-01;Store_13;32181
2015-12-01;Store_13;29885
2016-01-01;Store_13;
2016-02-01;Store_13;
2016-03-01;Store_13;
2016-04-01;Store_13;
2016-05-01;Store_13;
2016-06-01;Store_13;
2016-07-01;Store_13;
2016-08-01;Store_13;
2016-09-01;Store_13;
2016-10-01;Store_13;
2016-11-01;Store_13;
2016-12-01;Store_13;
2010-01-01;Store_16;27889
2010-02-01;Store_16;34430
2010-03-01;Store_16;37413
2010-04-01;Store_16;50563
2010-05-01;Store_16;51504
2010-06-01;Store_16;59827
2010-07-01;Store_16;62267
2010-08-01;Store_16;82556
2010-09-01;Store_16;58981
2010-10-01;Store_16;54298
2010-11-01;Store_16;31146
2010-12-01;Store_16;29498
2011-01-01;Store_16;28155
2011-02-01;Store_16;33859
2011-03-01;Store_16;36094
2011-04-01;Store_16;50137
2011-05-01;Store_16;55273
2011-06-01;Store_16;61851
2011-07-01;Store_16;71992
2011-08-01;Store_16;86687
2011-09-01;Store_16;62298
2011-10-01;Store_16;59924
2011-11-01;Store_16;32114
2011-12-01;Store_16;28685
2012-01-01;Store_16;28751
2012-02-01;Store_16;34559
2012-03-01;Store_16;38894
2012-04-01;Store_16;51821
2012-05-01;Store_16;55975
2012-06-01;Store_16;63407
2012-07-01;Store_16;69553
2012-08-01;Store_16;85082
2012-09-01;Store_16;62258
2012-10-01;Store_16;58976
2012-11-01;Store_16;34872
2012-12-01;Store_16;31236
2013-01-01;Store_16;28252
2013-02-01;Store_16;32102
2013-03-01;Store_16;40944
2013-04-01;Store_16;49240
2013-05-01;Store_16;57698
2013-06-01;Store_16;54235
2013-07-01;Store_16;62324
2013-08-01;Store_16;85646
2013-09-01;Store_16;62335
2013-10-01;Store_16;52380
2013-11-01;Store_16;31964
2013-12-01;Store_16;31083
2014-01-01;Store_16;29039
2014-02-01;Store_16;33013
2014-03-01;Store_16;37361
2014-04-01;Store_16;46373
2014-05-01;Store_16;52271
2014-06-01;Store_16;57906
2014-07-01;Store_16;63366
2014-08-01;Store_16;77490
2014-09-01;Store_16;55565
2014-10-01;Store_16;53640
2014-11-01;Store_16;30397
2014-12-01;Store_16;31078
2015-01-01;Store_16;28994
2015-02-01;Store_16;35258
2015-03-01;Store_16;37403
2015-04-01;Store_16;48108
2015-05-01;Store_16;53241
2015-06-01;Store_16;54078
2015-07-01;Store_16;63914
2015-08-01;Store_16;78489
2015-09-01;Store_16;58923
2015-10-01;Store_16;53221
2015-11-01;Store_16;31330
2015-12-01;Store_16;32198
2016-01-01;Store_16;
2016-02-01;Store_16;
2016-03-01;Store_16;
2016-04-01;Store_16;
2016-05-01;Store_16;
2016-06-01;Store_16;
2016-07-01;Store_16;
2016-08-01;Store_16;
2016-09-01;Store_16;
2016-10-01;Store_16;
2016-11-01;Store_16;
2016-12-01;Store_16;
2010-01-01;Store_21;16109
2010-02-01;Store_21;22407
2010-03-01;Store_21;27198
2010-04-01;Store_21;37904
2010-05-01;Store_21;37013
2010-06-01;Store_21;37790
2010-07-01;Store_21;47739
2010-08-01;Store_21;58952
2010-09-01;Store_21;36773
2010-10-01;Store_21;31004
2010-11-01;Store_21;22777
2010-12-01;Store_21;20304
2011-01-01;Store_21;16400
2011-02-01;Store_21;21803
2011-03-01;Store_21;28741
2011-04-01;Store_21;40275
2011-05-01;Store_21;37475
2011-06-01;Store_21;44360
2011-07-01;Store_21;51102
2011-08-01;Store_21;60667
2011-09-01;Store_21;39710
2011-10-01;Store_21;34514
2011-11-01;Store_21;22961
2011-12-01;Store_21;21311
2012-01-01;Store_21;16915
2012-02-01;Store_21;23092
2012-03-01;Store_21;29088
2012-04-01;Store_21;40521
2012-05-01;Store_21;39993
2012-06-01;Store_21;39369
2012-07-01;Store_21;50077
2012-08-01;Store_21;62827
2012-09-01;Store_21;38897
2012-10-01;Store_21;31512
2012-11-01;Store_21;27574
2012-12-01;Store_21;22361
2013-01-01;Store_21;19805
2013-02-01;Store_21;22088
2013-03-01;Store_21;31632
2013-04-01;Store_21;35088
2013-05-01;Store_21;44020
2013-06-01;Store_21;38844
2013-07-01;Store_21;46886
2013-08-01;Store_21;63391
2013-09-01;Store_21;37993
2013-10-01;Store_21;33991
2013-11-01;Store_21;25413
2013-12-01;Store_21;22385
2014-01-01;Store_21;18957
2014-02-01;Store_21;23585
2014-03-01;Store_21;30569
2014-04-01;Store_21;35319
2014-05-01;Store_21;39333
2014-06-01;Store_21;41083
2014-07-01;Store_21;46379
2014-08-01;Store_21;58563
2014-09-01;Store_21;36244
2014-10-01;Store_21;33525
2014-11-01;Store_21;21392
2014-12-01;Store_21;21509
2015-01-01;Store_21;18160
2015-02-01;Store_21;24987
2015-03-01;Store_21;27921
2015-04-01;Store_21;39332
2015-05-01;Store_21;42067
2015-06-01;Store_21;39497
2015-07-01;Store_21;49993
2015-08-01;Store_21;62557
2015-09-01;Store_21;38327
2015-10-01;Store_21;36621
2015-11-01;Store_21;22282
2015-12-01;Store_21;23851
2016-01-01;Store_21;
2016-02-01;Store_21;
2016-03-01;Store_21;
2016-04-01;Store_21;
2016-05-01;Store_21;
2016-06-01;Store_21;
2016-07-01;Store_21;
2016-08-01;Store_21;
2016-09-01;Store_21;
2016-10-01;Store_21;
2016-11-01;Store_21;
2016-12-01;Store_21;
2010-01-01;Store_14;6270
2010-02-01;Store_14;7194
2010-03-01;Store_14;8699
2010-04-01;Store_14;10210
2010-05-01;Store_14;11873
2010-06-01;Store_14;11983
2010-07-01;Store_14;13541
2010-08-01;Store_14;15767
2010-09-01;Store_14;12102
2010-10-01;Store_14;10135
2010-11-01;Store_14;7923
2010-12-01;Store_14;6458
2011-01-01;Store_14;6097
2011-02-01;Store_14;6593
2011-03-01;Store_14;8663
2011-04-01;Store_14;9970
2011-05-01;Store_14;10958
2011-06-01;Store_14;12614
2011-07-01;Store_14;14425
2011-08-01;Store_14;15876
2011-09-01;Store_14;11979
2011-10-01;Store_14;10670
2011-11-01;Store_14;8363
2011-12-01;Store_14;6857
2012-01-01;Store_14;6519
2012-02-01;Store_14;6923
2012-03-01;Store_14;8125
2012-04-01;Store_14;10073
2012-05-01;Store_14;11417
2012-06-01;Store_14;11616
2012-07-01;Store_14;14358
2012-08-01;Store_14;16058
2012-09-01;Store_14;11528
2012-10-01;Store_14;9969
2012-11-01;Store_14;8517
2012-12-01;Store_14;6544
2013-01-01;Store_14;6064
2013-02-01;Store_14;6515
2013-03-01;Store_14;8275
2013-04-01;Store_14;8977
2013-05-01;Store_14;11320
2013-06-01;Store_14;11043
2013-07-01;Store_14;12201
2013-08-01;Store_14;15064
2013-09-01;Store_14;10673
2013-10-01;Store_14;9976
2013-11-01;Store_14;7917
2013-12-01;Store_14;6497
2014-01-01;Store_14;6025
2014-02-01;Store_14;6449
2014-03-01;Store_14;7648
2014-04-01;Store_14;8550
2014-05-01;Store_14;9805
2014-06-01;Store_14;10807
2014-07-01;Store_14;11609
2014-08-01;Store_14;15019
2014-09-01;Store_14;10647
2014-10-01;Store_14;9545
2014-11-01;Store_14;7305
2014-12-01;Store_14;6608
2015-01-01;Store_14;5816
2015-02-01;Store_14;6603
2015-03-01;Store_14;8088
2015-04-01;Store_14;9906
2015-05-01;Store_14;9672
2015-06-01;Store_14;10415
2015-07-01;Store_14;12284
2015-08-01;Store_14;14818
2015-09-01;Store_14;11007
2015-10-01;Store_14;10223
2015-11-01;Store_14;7680
2015-12-01;Store_14;7101
2016-01-01;Store_14;
2016-02-01;Store_14;
2016-03-01;Store_14;
2016-04-01;Store_14;
2016-05-01;Store_14;
2016-06-01;Store_14;
2016-07-01;Store_14;
2016-08-01;Store_14;
2016-09-01;Store_14;
2016-10-01;Store_14;
2016-11-01;Store_14;
2016-12-01;Store_14;
2010-01-01;Store_10;10457
2010-02-01;Store_10;14783
2010-03-01;Store_10;13611
2010-04-01;Store_10;13012
2010-05-01;Store_10;15513
2010-06-01;Store_10;16778
2010-07-01;Store_10;17902
2010-08-01;Store_10;18363
2010-09-01;Store_10;16326
2010-10-01;Store_10;13993
2010-11-01;Store_10;11077
2010-12-01;Store_10;11502
2011-01-01;Store_10;10760
2011-02-01;Store_10;12781
2011-03-01;Store_10;13262
2011-04-01;Store_10;13238
2011-05-01;Store_10;14735
2011-06-01;Store_10;17992
2011-07-01;Store_10;17277
2011-08-01;Store_10;17797
2011-09-01;Store_10;16636
2011-10-01;Store_10;13679
2011-11-01;Store_10;11613
2011-12-01;Store_10;11850
2012-01-01;Store_10;10742
2012-02-01;Store_10;12809
2012-03-01;Store_10;12926
2012-04-01;Store_10;12384
2012-05-01;Store_10;14797
2012-06-01;Store_10;16198
2012-07-01;Store_10;16617
2012-08-01;Store_10;17060
2012-09-01;Store_10;15347
2012-10-01;Store_10;12985
2012-11-01;Store_10;11100
2012-12-01;Store_10;10621
2013-01-01;Store_10;9984
2013-02-01;Store_10;11760
2013-03-01;Store_10;12524
2013-04-01;Store_10;12117
2013-05-01;Store_10;14931
2013-06-01;Store_10;15337
2013-07-01;Store_10;16534
2013-08-01;Store_10;16809
2013-09-01;Store_10;15266
2013-10-01;Store_10;13061
2013-11-01;Store_10;9906
2013-12-01;Store_10;10515
2014-01-01;Store_10;10296
2014-02-01;Store_10;11578
2014-03-01;Store_10;12225
2014-04-01;Store_10;12523
2014-05-01;Store_10;13387
2014-06-01;Store_10;14536
2014-07-01;Store_10;15202
2014-08-01;Store_10;15801
2014-09-01;Store_10;14938
2014-10-01;Store_10;13289
2014-11-01;Store_10;10260
2014-12-01;Store_10;10714
2015-01-01;Store_10;10377
2015-02-01;Store_10;12886
2015-03-01;Store_10;12635
2015-04-01;Store_10;11962
2015-05-01;Store_10;15425
2015-06-01;Store_10;16120
2015-07-01;Store_10;16371
2015-08-01;Store_10;16819
2015-09-01;Store_10;15541
2015-10-01;Store_10;13338
2015-11-01;Store_10;10454
2015-12-01;Store_10;11572
2016-01-01;Store_10;
2016-02-01;Store_10;
2016-03-01;Store_10;
2016-04-01;Store_10;
2016-05-01;Store_10;
2016-06-01;Store_10;
2016-07-01;Store_10;
2016-08-01;Store_10;
2016-09-01;Store_10;
2016-10-01;Store_10;
2016-11-01;Store_10;
2016-12-01;Store_10;
2010-01-01;Store_1;19549
2010-02-01;Store_1;21119
2010-03-01;Store_1;24463
2010-04-01;Store_1;28604
2010-05-01;Store_1;33823
2010-06-01;Store_1;33265
2010-07-01;Store_1;31651
2010-08-01;Store_1;34364
2010-09-01;Store_1;37488
2010-10-01;Store_1;33880
2010-11-01;Store_1;27505
2010-12-01;Store_1;47922
2011-01-01;Store_1;20304
2011-02-01;Store_1;22154
2011-03-01;Store_1;27523
2011-04-01;Store_1;31258
2011-05-01;Store_1;33538
2011-06-01;Store_1;38759
2011-07-01;Store_1;34243
2011-08-01;Store_1;36647
2011-09-01;Store_1;36559
2011-10-01;Store_1;34600
2011-11-01;Store_1;30138
2011-12-01;Store_1;50996
2012-01-01;Store_1;20084
2012-02-01;Store_1;22808
2012-03-01;Store_1;26656
2012-04-01;Store_1;30516
2012-05-01;Store_1;34953
2012-06-01;Store_1;35130
2012-07-01;Store_1;32978
2012-08-01;Store_1;35607
2012-09-01;Store_1;36842
2012-10-01;Store_1;34740
2012-11-01;Store_1;32872
2012-12-01;Store_1;49173
2013-01-01;Store_1;20257
2013-02-01;Store_1;20932
2013-03-01;Store_1;26432
2013-04-01;Store_1;28856
2013-05-01;Store_1;35955
2013-06-01;Store_1;33567
2013-07-01;Store_1;32416
2013-08-01;Store_1;35889
2013-09-01;Store_1;34713
2013-10-01;Store_1;33579
2013-11-01;Store_1;30317
2013-12-01;Store_1;49405
2014-01-01;Store_1;22924
2014-02-01;Store_1;22517
2014-03-01;Store_1;25700
2014-04-01;Store_1;29666
2014-05-01;Store_1;35244
2014-06-01;Store_1;34688
2014-07-01;Store_1;32192
2014-08-01;Store_1;37415
2014-09-01;Store_1;36252
2014-10-01;Store_1;32904
2014-11-01;Store_1;29330
2014-12-01;Store_1;51462
2015-01-01;Store_1;22588
2015-02-01;Store_1;23086
2015-03-01;Store_1;25867
2015-04-01;Store_1;29579
2015-05-01;Store_1;37444
2015-06-01;Store_1;34781
2015-07-01;Store_1;33942
2015-08-01;Store_1;38715
2015-09-01;Store_1;36733
2015-10-01;Store_1;34953
2015-11-01;Store_1;28924
2015-12-01;Store_1;51249
2016-01-01;Store_1;
2016-02-01;Store_1;
2016-03-01;Store_1;
2016-04-01;Store_1;
2016-05-01;Store_1;
2016-06-01;Store_1;
2016-07-01;Store_1;
2016-08-01;Store_1;
2016-09-01;Store_1;
2016-10-01;Store_1;
2016-11-01;Store_1;
2016-12-01;Store_1;
2010-01-01;Store_3;14445
2010-02-01;Store_3;21624
2010-03-01;Store_3;19955
2010-04-01;Store_3;22230
2010-05-01;Store_3;28216
2010-06-01;Store_3;31042
2010-07-01;Store_3;38653
2010-08-01;Store_3;47189
2010-09-01;Store_3;30789
2010-10-01;Store_3;22025
2010-11-01;Store_3;15113
2010-12-01;Store_3;15616
2011-01-01;Store_3;14246
2011-02-01;Store_3;19900
2011-03-01;Store_3;20667
2011-04-01;Store_3;23582
2011-05-01;Store_3;26915
2011-06-01;Store_3;34019
2011-07-01;Store_3;41666
2011-08-01;Store_3;47985
2011-09-01;Store_3;30840
2011-10-01;Store_3;24005
2011-11-01;Store_3;16054
2011-12-01;Store_3;15339
2012-01-01;Store_3;14917
2012-02-01;Store_3;20491
2012-03-01;Store_3;21916
2012-04-01;Store_3;22470
2012-05-01;Store_3;29035
2012-06-01;Store_3;31050
2012-07-01;Store_3;38223
2012-08-01;Store_3;47674
2012-09-01;Store_3;31398
2012-10-01;Store_3;23939
2012-11-01;Store_3;19377
2012-12-01;Store_3;16502
2013-01-01;Store_3;15607
2013-02-01;Store_3;20622
2013-03-01;Store_3;23506
2013-04-01;Store_3;22048
2013-05-01;Store_3;30305
2013-06-01;Store_3;31692
2013-07-01;Store_3;37774
2013-08-01;Store_3;45624
2013-09-01;Store_3;29722
2013-10-01;Store_3;23786
2013-11-01;Store_3;17030
2013-12-01;Store_3;15442
2014-01-01;Store_3;14012
2014-02-01;Store_3;18038
2014-03-01;Store_3;21834
2014-04-01;Store_3;21316
2014-05-01;Store_3;27562
2014-06-01;Store_3;29869
2014-07-01;Store_3;35614
2014-08-01;Store_3;45726
2014-09-01;Store_3;28500
2014-10-01;Store_3;23670
2014-11-01;Store_3;16070
2014-12-01;Store_3;16549
2015-01-01;Store_3;15946
2015-02-01;Store_3;22337
2015-03-01;Store_3;21142
2015-04-01;Store_3;22557
2015-05-01;Store_3;30186
2015-06-01;Store_3;29916
2015-07-01;Store_3;36851
2015-08-01;Store_3;44419
2015-09-01;Store_3;29848
2015-10-01;Store_3;24681
2015-11-01;Store_3;15773
2015-12-01;Store_3;16333
2016-01-01;Store_3;
2016-02-01;Store_3;
2016-03-01;Store_3;
2016-04-01;Store_3;
2016-05-01;Store_3;
2016-06-01;Store_3;
2016-07-01;Store_3;
2016-08-01;Store_3;
2016-09-01;Store_3;
2016-10-01;Store_3;
2016-11-01;Store_3;
2016-12-01;Store_3;
2010-01-01;Store_4;16541
2010-02-01;Store_4;18994
2010-03-01;Store_4;23671
2010-04-01;Store_4;35329
2010-05-01;Store_4;36480
2010-06-01;Store_4;34404
2010-07-01;Store_4;40566
2010-08-01;Store_4;47199
2010-09-01;Store_4;35480
2010-10-01;Store_4;30792
2010-11-01;Store_4;21128
2010-12-01;Store_4;17660
2011-01-01;Store_4;17598
2011-02-01;Store_4;21885
2011-03-01;Store_4;25590
2011-04-01;Store_4;37231
2011-05-01;Store_4;33681
2011-06-01;Store_4;38325
2011-07-01;Store_4;38897
2011-08-01;Store_4;44879
2011-09-01;Store_4;34592
2011-10-01;Store_4;33978
2011-11-01;Store_4;22390
2011-12-01;Store_4;19138
2012-01-01;Store_4;17832
2012-02-01;Store_4;21175
2012-03-01;Store_4;27066
2012-04-01;Store_4;32490
2012-05-01;Store_4;36106
2012-06-01;Store_4;34400
2012-07-01;Store_4;37607
2012-08-01;Store_4;45838
2012-09-01;Store_4;35530
2012-10-01;Store_4;29581
2012-11-01;Store_4;24762
2012-12-01;Store_4;19777
2013-01-01;Store_4;16301
2013-02-01;Store_4;18344
2013-03-01;Store_4;26225
2013-04-01;Store_4;28821
2013-05-01;Store_4;36770
2013-06-01;Store_4;32386
2013-07-01;Store_4;37337
2013-08-01;Store_4;45199
2013-09-01;Store_4;31644
2013-10-01;Store_4;29664
2013-11-01;Store_4;23138
2013-12-01;Store_4;18666
2014-01-01;Store_4;16266
2014-02-01;Store_4;19540
2014-03-01;Store_4;23360
2014-04-01;Store_4;29706
2014-05-01;Store_4;32370
2014-06-01;Store_4;33272
2014-07-01;Store_4;34721
2014-08-01;Store_4;42205
2014-09-01;Store_4;32844
2014-10-01;Store_4;29799
2014-11-01;Store_4;21299
2014-12-01;Store_4;18182
2015-01-01;Store_4;16854
2015-02-01;Store_4;20459
2015-03-01;Store_4;24386
2015-04-01;Store_4;31453
2015-05-01;Store_4;36806
2015-06-01;Store_4;34161
2015-07-01;Store_4;37238
2015-08-01;Store_4;42388
2015-09-01;Store_4;32868
2015-10-01;Store_4;29139
2015-11-01;Store_4;20609
2015-12-01;Store_4;20514
2016-01-01;Store_4;
2016-02-01;Store_4;
2016-03-01;Store_4;
2016-04-01;Store_4;
2016-05-01;Store_4;
2016-06-01;Store_4;
2016-07-01;Store_4;
2016-08-01;Store_4;
2016-09-01;Store_4;
2016-10-01;Store_4;
2016-11-01;Store_4;
2016-12-01;Store_4;
2010-01-01;Store_5;18717
2010-02-01;Store_5;22545
2010-03-01;Store_5;26726
2010-04-01;Store_5;28909
2010-05-01;Store_5;32689
2010-06-01;Store_5;33114
2010-07-01;Store_5;35315
2010-08-01;Store_5;34048
2010-09-01;Store_5;32623
2010-10-01;Store_5;30124
2010-11-01;Store_5;24130
2010-12-01;Store_5;21516
2011-01-01;Store_5;20034
2011-02-01;Store_5;22755
2011-03-01;Store_5;26235
2011-04-01;Store_5;30073
2011-05-01;Store_5;30643
2011-06-01;Store_5;35577
2011-07-01;Store_5;36734
2011-08-01;Store_5;34867
2011-09-01;Store_5;32575
2011-10-01;Store_5;30950
2011-11-01;Store_5;25089
2011-12-01;Store_5;21228
2012-01-01;Store_5;20561
2012-02-01;Store_5;22035
2012-03-01;Store_5;26439
2012-04-01;Store_5;28079
2012-05-01;Store_5;31660
2012-06-01;Store_5;32917
2012-07-01;Store_5;35795
2012-08-01;Store_5;33838
2012-09-01;Store_5;32610
2012-10-01;Store_5;28556
2012-11-01;Store_5;25692
2012-12-01;Store_5;20274
2013-01-01;Store_5;18138
2013-02-01;Store_5;20153
2013-03-01;Store_5;28007
2013-04-01;Store_5;27164
2013-05-01;Store_5;31762
2013-06-01;Store_5;33139
2013-07-01;Store_5;33748
2013-08-01;Store_5;33433
2013-09-01;Store_5;31350
2013-10-01;Store_5;30385
2013-11-01;Store_5;23964
2013-12-01;Store_5;20355
2014-01-01;Store_5;18292
2014-02-01;Store_5;20884
2014-03-01;Store_5;24769
2014-04-01;Store_5;27340
2014-05-01;Store_5;30160
2014-06-01;Store_5;33623
2014-07-01;Store_5;32264
2014-08-01;Store_5;33845
2014-09-01;Store_5;30392
2014-10-01;Store_5;29158
2014-11-01;Store_5;23140
2014-12-01;Store_5;20856
2015-01-01;Store_5;19031
2015-02-01;Store_5;21655
2015-03-01;Store_5;24522
2015-04-01;Store_5;27222
2015-05-01;Store_5;31536
2015-06-01;Store_5;33493
2015-07-01;Store_5;32881
2015-08-01;Store_5;32936
2015-09-01;Store_5;32453
2015-10-01;Store_5;30822
2015-11-01;Store_5;24076
2015-12-01;Store_5;22370
2016-01-01;Store_5;
2016-02-01;Store_5;
2016-03-01;Store_5;
2016-04-01;Store_5;
2016-05-01;Store_5;
2016-06-01;Store_5;
2016-07-01;Store_5;
2016-08-01;Store_5;
2016-09-01;Store_5;
2016-10-01;Store_5;
2016-11-01;Store_5;
2016-12-01;Store_5;
2010-01-01;Store_6;25514
2010-02-01;Store_6;30572
2010-03-01;Store_6;39593
2010-04-01;Store_6;51572
2010-05-01;Store_6;57619
2010-06-01;Store_6;57332
2010-07-01;Store_6;61563
2010-08-01;Store_6;78965
2010-09-01;Store_6;58360
2010-10-01;Store_6;46095
2010-11-01;Store_6;34793
2010-12-01;Store_6;29576
2011-01-01;Store_6;27131
2011-02-01;Store_6;32793
2011-03-01;Store_6;41989
2011-04-01;Store_6;55333
2011-05-01;Store_6;54515
2011-06-01;Store_6;66575
2011-07-01;Store_6;66853
2011-08-01;Store_6;79696
2011-09-01;Store_6;60031
2011-10-01;Store_6;52947
2011-11-01;Store_6;38074
2011-12-01;Store_6;31872
2012-01-01;Store_6;30818
2012-02-01;Store_6;34405
2012-03-01;Store_6;44978
2012-04-01;Store_6;54309
2012-05-01;Store_6;60772
2012-06-01;Store_6;59951
2012-07-01;Store_6;64103
2012-08-01;Store_6;78633
2012-09-01;Store_6;63072
2012-10-01;Store_6;46617
2012-11-01;Store_6;41756
2012-12-01;Store_6;32935
2013-01-01;Store_6;29347
2013-02-01;Store_6;31943
2013-03-01;Store_6;43460
2013-04-01;Store_6;49380
2013-05-01;Store_6;62624
2013-06-01;Store_6;58374
2013-07-01;Store_6;62622
2013-08-01;Store_6;85291
2013-09-01;Store_6;60315
2013-10-01;Store_6;48971
2013-11-01;Store_6;40763
2013-12-01;Store_6;33243
2014-01-01;Store_6;30163
2014-02-01;Store_6;34461
2014-03-01;Store_6;40029
2014-04-01;Store_6;50444
2014-05-01;Store_6;57492
2014-06-01;Store_6;58376
2014-07-01;Store_6;63562
2014-08-01;Store_6;80296
2014-09-01;Store_6;59970
2014-10-01;Store_6;50621
2014-11-01;Store_6;38664
2014-12-01;Store_6;33762
2015-01-01;Store_6;31562
2015-02-01;Store_6;36363
2015-03-01;Store_6;45998
2015-04-01;Store_6;52889
2015-05-01;Store_6;62258
2015-06-01;Store_6;61068
2015-07-01;Store_6;68691
2015-08-01;Store_6;83797
2015-09-01;Store_6;64341
2015-10-01;Store_6;52009
2015-11-01;Store_6;38265
2015-12-01;Store_6;36343
2016-01-01;Store_6;
2016-02-01;Store_6;
2016-03-01;Store_6;
2016-04-01;Store_6;
2016-05-01;Store_6;
2016-06-01;Store_6;
2016-07-01;Store_6;
2016-08-01;Store_6;
2016-09-01;Store_6;
2016-10-01;Store_6;
2016-11-01;Store_6;
2016-12-01;Store_6;
2010-01-01;Store_7;22657
2010-02-01;Store_7;24774
2010-03-01;Store_7;32958
2010-04-01;Store_7;37622
2010-05-01;Store_7;44264
2010-06-01;Store_7;45552
2010-07-01;Store_7;47273
2010-08-01;Store_7;45731
2010-09-01;Store_7;41881
2010-10-01;Store_7;37511
2010-11-01;Store_7;29368
2010-12-01;Store_7;26221
2011-01-01;Store_7;26793
2011-02-01;Store_7;25522
2011-03-01;Store_7;32784
2011-04-01;Store_7;38089
2011-05-01;Store_7;41215
2011-06-01;Store_7;49059
2011-07-01;Store_7;47543
2011-08-01;Store_7;45262
2011-09-01;Store_7;41216
2011-10-01;Store_7;39254
2011-11-01;Store_7;31055
2011-12-01;Store_7;26799
2012-01-01;Store_7;26759
2012-02-01;Store_7;27995
2012-03-01;Store_7;32372
2012-04-01;Store_7;40727
2012-05-01;Store_7;42576
2012-06-01;Store_7;44749
2012-07-01;Store_7;47712
2012-08-01;Store_7;45087
2012-09-01;Store_7;42277
2012-10-01;Store_7;37242
2012-11-01;Store_7;33381
2012-12-01;Store_7;25241
2013-01-01;Store_7;23772
2013-02-01;Store_7;24574
2013-03-01;Store_7;33279
2013-04-01;Store_7;35129
2013-05-01;Store_7;43676
2013-06-01;Store_7;43257
2013-07-01;Store_7;44330
2013-08-01;Store_7;45277
2013-09-01;Store_7;38600
2013-10-01;Store_7;38039
2013-11-01;Store_7;30915
2013-12-01;Store_7;26546
2014-01-01;Store_7;23985
2014-02-01;Store_7;24525
2014-03-01;Store_7;30569
2014-04-01;Store_7;37675
2014-05-01;Store_7;41112
2014-06-01;Store_7;44027
2014-07-01;Store_7;44600
2014-08-01;Store_7;41190
2014-09-01;Store_7;40601
2014-10-01;Store_7;37256
2014-11-01;Store_7;28381
2014-12-01;Store_7;25878
2015-01-01;Store_7;24039
2015-02-01;Store_7;27776
2015-03-01;Store_7;31386
2015-04-01;Store_7;37685
2015-05-01;Store_7;43012
2015-06-01;Store_7;43262
2015-07-01;Store_7;45729
2015-08-01;Store_7;44729
2015-09-01;Store_7;42746
2015-10-01;Store_7;40644
2015-11-01;Store_7;27562
2015-12-01;Store_7;27663
2016-01-01;Store_7;
2016-02-01;Store_7;
2016-03-01;Store_7;
2016-04-01;Store_7;
2016-05-01;Store_7;
2016-06-01;Store_7;
2016-07-01;Store_7;
2016-08-01;Store_7;
2016-09-01;Store_7;
2016-10-01;Store_7;
2016-11-01;Store_7;
2016-12-01;Store_7;
2010-01-01;Store_8;12155
2010-02-01;Store_8;11383
2010-03-01;Store_8;15952
2010-04-01;Store_8;16050
2010-05-01;Store_8;17463
2010-06-01;Store_8;19640
2010-07-01;Store_8;17187
2010-08-01;Store_8;17645
2010-09-01;Store_8;18200
2010-10-01;Store_8;17959
2010-11-01;Store_8;15683
2010-12-01;Store_8;12323
2011-01-01;Store_8;12761
2011-02-01;Store_8;12270
2011-03-01;Store_8;15924
2011-04-01;Store_8;17577
2011-05-01;Store_8;19760
2011-06-01;Store_8;21256
2011-07-01;Store_8;19316
2011-08-01;Store_8;18950
2011-09-01;Store_8;20519
2011-10-01;Store_8;20252
2011-11-01;Store_8;15888
2011-12-01;Store_8;14315
2012-01-01;Store_8;13319
2012-02-01;Store_8;12795
2012-03-01;Store_8;16487
2012-04-01;Store_8;18427
2012-05-01;Store_8;20199
2012-06-01;Store_8;21029
2012-07-01;Store_8;20248
2012-08-01;Store_8;18048
2012-09-01;Store_8;21388
2012-10-01;Store_8;19889
2012-11-01;Store_8;18573
2012-12-01;Store_8;13836
2013-01-01;Store_8;13910
2013-02-01;Store_8;13079
2013-03-01;Store_8;17098
2013-04-01;Store_8;18115
2013-05-01;Store_8;20470
2013-06-01;Store_8;21289
2013-07-01;Store_8;21284
2013-08-01;Store_8;17933
2013-09-01;Store_8;20262
2013-10-01;Store_8;22600
2013-11-01;Store_8;17467
2013-12-01;Store_8;14255
2014-01-01;Store_8;14118
2014-02-01;Store_8;13563
2014-03-01;Store_8;16474
2014-04-01;Store_8;18428
2014-05-01;Store_8;20389
2014-06-01;Store_8;21471
2014-07-01;Store_8;19546
2014-08-01;Store_8;18054
2014-09-01;Store_8;22128
2014-10-01;Store_8;20025
2014-11-01;Store_8;16670
2014-12-01;Store_8;15091
2015-01-01;Store_8;13489
2015-02-01;Store_8;13210
2015-03-01;Store_8;16257
2015-04-01;Store_8;17428
2015-05-01;Store_8;19608
2015-06-01;Store_8;20627
2015-07-01;Store_8;19088
2015-08-01;Store_8;17950
2015-09-01;Store_8;21531
2015-10-01;Store_8;19319
2015-11-01;Store_8;15400
2015-12-01;Store_8;13876
2016-01-01;Store_8;
2016-02-01;Store_8;
2016-03-01;Store_8;
2016-04-01;Store_8;
2016-05-01;Store_8;
2016-06-01;Store_8;
2016-07-01;Store_8;
2016-08-01;Store_8;
2016-09-01;Store_8;
2016-10-01;Store_8;
2016-11-01;Store_8;
2016-12-01;Store_8;
2010-01-01;Store_11;14183
2010-02-01;Store_11;14539
2010-03-01;Store_11;18616
2010-04-01;Store_11;19798
2010-05-01;Store_11;22284
2010-06-01;Store_11;21755
2010-07-01;Store_11;22190
2010-08-01;Store_11;21556
2010-09-01;Store_11;20708
2010-10-01;Store_11;19354
2010-11-01;Store_11;16410
2010-12-01;Store_11;14107
2011-01-01;Store_11;14514
2011-02-01;Store_11;15800
2011-03-01;Store_11;18552
2011-04-01;Store_11;21792
2011-05-01;Store_11;22013
2011-06-01;Store_11;24392
2011-07-01;Store_11;21383
2011-08-01;Store_11;21449
2011-09-01;Store_11;21134
2011-10-01;Store_11;21738
2011-11-01;Store_11;17864
2011-12-01;Store_11;14729
2012-01-01;Store_11;13918
2012-02-01;Store_11;14800
2012-03-01;Store_11;19163
2012-04-01;Store_11;20524
2012-05-01;Store_11;22377
2012-06-01;Store_11;22724
2012-07-01;Store_11;21747
2012-08-01;Store_11;22343
2012-09-01;Store_11;21698
2012-10-01;Store_11;19170
2012-11-01;Store_11;18268
2012-12-01;Store_11;14599
2013-01-01;Store_11;14047
2013-02-01;Store_11;14347
2013-03-01;Store_11;18882
2013-04-01;Store_11;18042
2013-05-01;Store_11;22169
2013-06-01;Store_11;25315
2013-07-01;Store_11;22888
2013-08-01;Store_11;21849
2013-09-01;Store_11;20331
2013-10-01;Store_11;19979
2013-11-01;Store_11;17981
2013-12-01;Store_11;14538
2014-01-01;Store_11;14317
2014-02-01;Store_11;15885
2014-03-01;Store_11;18814
2014-04-01;Store_11;20037
2014-05-01;Store_11;21642
2014-06-01;Store_11;22761
2014-07-01;Store_11;22258
2014-08-01;Store_11;21364
2014-09-01;Store_11;21202
2014-10-01;Store_11;20340
2014-11-01;Store_11;17540
2014-12-01;Store_11;14802
2015-01-01;Store_11;13589
2015-02-01;Store_11;14897
2015-03-01;Store_11;17946
2015-04-01;Store_11;20244
2015-05-01;Store_11;21490
2015-06-01;Store_11;21816
2015-07-01;Store_11;21360
2015-08-01;Store_11;20386
2015-09-01;Store_11;19424
2015-10-01;Store_11;19886
2015-11-01;Store_11;15985
2015-12-01;Store_11;15332
2016-01-01;Store_11;
2016-02-01;Store_11;
2016-03-01;Store_11;
2016-04-01;Store_11;
2016-05-01;Store_11;
2016-06-01;Store_11;
2016-07-01;Store_11;
2016-08-01;Store_11;
2016-09-01;Store_11;
2016-10-01;Store_11;
2016-11-01;Store_11;
2016-12-01;Store_11;
2010-01-01;Store_15;18077
2010-02-01;Store_15;22070
2010-03-01;Store_15;22835
2010-04-01;Store_15;24103
2010-05-01;Store_15;27257
2010-06-01;Store_15;27826
2010-07-01;Store_15;26395
2010-08-01;Store_15;27626
2010-09-01;Store_15;26187
2010-10-01;Store_15;24073
2010-11-01;Store_15;18787
2010-12-01;Store_15;21083
2011-01-01;Store_15;19784
2011-02-01;Store_15;22538
2011-03-01;Store_15;24652
2011-04-01;Store_15;23309
2011-05-01;Store_15;27016
2011-06-01;Store_15;26907
2011-07-01;Store_15;27292
2011-08-01;Store_15;30537
2011-09-01;Store_15;26555
2011-10-01;Store_15;25790
2011-11-01;Store_15;21352
2011-12-01;Store_15;21928
2012-01-01;Store_15;19239
2012-02-01;Store_15;22362
2012-03-01;Store_15;24410
2012-04-01;Store_15;22914
2012-05-01;Store_15;26263
2012-06-01;Store_15;27782
2012-07-01;Store_15;26337
2012-08-01;Store_15;27241
2012-09-01;Store_15;26777
2012-10-01;Store_15;25022
2012-11-01;Store_15;21437
2012-12-01;Store_15;22400
2013-01-01;Store_15;20388
2013-02-01;Store_15;23450
2013-03-01;Store_15;25897
2013-04-01;Store_15;26422
2013-05-01;Store_15;28060
2013-06-01;Store_15;28440
2013-07-01;Store_15;26907
2013-08-01;Store_15;27606
2013-09-01;Store_15;26344
2013-10-01;Store_15;26302
2013-11-01;Store_15;22630
2013-12-01;Store_15;22563
2014-01-01;Store_15;18575
2014-02-01;Store_15;21829
2014-03-01;Store_15;22888
2014-04-01;Store_15;24890
2014-05-01;Store_15;24919
2014-06-01;Store_15;27855
2014-07-01;Store_15;26371
2014-08-01;Store_15;26876
2014-09-01;Store_15;26032
2014-10-01;Store_15;26139
2014-11-01;Store_15;20896
2014-12-01;Store_15;22502
2015-01-01;Store_15;18562
2015-02-01;Store_15;22371
2015-03-01;Store_15;23961
2015-04-01;Store_15;23559
2015-05-01;Store_15;27517
2015-06-01;Store_15;27592
2015-07-01;Store_15;25660
2015-08-01;Store_15;27054
2015-09-01;Store_15;26227
2015-10-01;Store_15;26153
2015-11-01;Store_15;21437
2015-12-01;Store_15;22627
2016-01-01;Store_15;
2016-02-01;Store_15;
2016-03-01;Store_15;
2016-04-01;Store_15;
2016-05-01;Store_15;
2016-06-01;Store_15;
2016-07-01;Store_15;
2016-08-01;Store_15;
2016-09-01;Store_15;
2016-10-01;Store_15;
2016-11-01;Store_15;
2016-12-01;Store_15;
2010-01-01;Store_17;26795
2010-02-01;Store_17;30141
2010-03-01;Store_17;35009
2010-04-01;Store_17;36824
2010-05-01;Store_17;39187
2010-06-01;Store_17;39443
2010-07-01;Store_17;35797
2010-08-01;Store_17;32767
2010-09-01;Store_17;38278
2010-10-01;Store_17;37796
2010-11-01;Store_17;32119
2010-12-01;Store_17;30246
2011-01-01;Store_17;30315
2011-02-01;Store_17;30203
2011-03-01;Store_17;35894
2011-04-01;Store_17;37284
2011-05-01;Store_17;38893
2011-06-01;Store_17;42697
2011-07-01;Store_17;37307
2011-08-01;Store_17;34107
2011-09-01;Store_17;39173
2011-10-01;Store_17;39330
2011-11-01;Store_17;33664
2011-12-01;Store_17;31643
2012-01-01;Store_17;28950
2012-02-01;Store_17;30457
2012-03-01;Store_17;36039
2012-04-01;Store_17;39154
2012-05-01;Store_17;40010
2012-06-01;Store_17;41014
2012-07-01;Store_17;35453
2012-08-01;Store_17;33953
2012-09-01;Store_17;38256
2012-10-01;Store_17;38668
2012-11-01;Store_17;37583
2012-12-01;Store_17;34002
2013-01-01;Store_17;29614
2013-02-01;Store_17;31230
2013-03-01;Store_17;37924
2013-04-01;Store_17;37382
2013-05-01;Store_17;40652
2013-06-01;Store_17;40318
2013-07-01;Store_17;38124
2013-08-01;Store_17;36099
2013-09-01;Store_17;38232
2013-10-01;Store_17;39172
2013-11-01;Store_17;37010
2013-12-01;Store_17;32526
2014-01-01;Store_17;29421
2014-02-01;Store_17;31896
2014-03-01;Store_17;36675
2014-04-01;Store_17;38738
2014-05-01;Store_17;41035
2014-06-01;Store_17;41640
2014-07-01;Store_17;37366
2014-08-01;Store_17;36173
2014-09-01;Store_17;40629
2014-10-01;Store_17;40998
2014-11-01;Store_17;36771
2014-12-01;Store_17;32644
2015-01-01;Store_17;31342
2015-02-01;Store_17;31417
2015-03-01;Store_17;36264
2015-04-01;Store_17;38430
2015-05-01;Store_17;40870
2015-06-01;Store_17;41336
2015-07-01;Store_17;38530
2015-08-01;Store_17;36325
2015-09-01;Store_17;43467
2015-10-01;Store_17;44121
2015-11-01;Store_17;39921
2015-12-01;Store_17;38789
2016-01-01;Store_17;
2016-02-01;Store_17;
2016-03-01;Store_17;
2016-04-01;Store_17;
2016-05-01;Store_17;
2016-06-01;Store_17;
2016-07-01;Store_17;
2016-08-01;Store_17;
2016-09-01;Store_17;
2016-10-01;Store_17;
2016-11-01;Store_17;
2016-12-01;Store_17;
2010-01-01;Store_19;30911
2010-02-01;Store_19;31854
2010-03-01;Store_19;41720
2010-04-01;Store_19;46081
2010-05-01;Store_19;49038
2010-06-01;Store_19;56123
2010-07-01;Store_19;57224
2010-08-01;Store_19;63258
2010-09-01;Store_19;51253
2010-10-01;Store_19;43831
2010-11-01;Store_19;37471
2010-12-01;Store_19;33453
2011-01-01;Store_19;33597
2011-02-01;Store_19;35715
2011-03-01;Store_19;41137
2011-04-01;Store_19;49921
2011-05-01;Store_19;50143
2011-06-01;Store_19;63217
2011-07-01;Store_19;62019
2011-08-01;Store_19;63664
2011-09-01;Store_19;55973
2011-10-01;Store_19;49031
2011-11-01;Store_19;38235
2011-12-01;Store_19;35441
2012-01-01;Store_19;34713
2012-02-01;Store_19;36010
2012-03-01;Store_19;44731
2012-04-01;Store_19;47048
2012-05-01;Store_19;50386
2012-06-01;Store_19;58489
2012-07-01;Store_19;59432
2012-08-01;Store_19;64999
2012-09-01;Store_19;54280
2012-10-01;Store_19;45049
2012-11-01;Store_19;42222
2012-12-01;Store_19;34003
2013-01-01;Store_19;34135
2013-02-01;Store_19;35469
2013-03-01;Store_19;42151
2013-04-01;Store_19;44280
2013-05-01;Store_19;53591
2013-06-01;Store_19;57671
2013-07-01;Store_19;58958
2013-08-01;Store_19;70415
2013-09-01;Store_19;52580
2013-10-01;Store_19;46819
2013-11-01;Store_19;38469
2013-12-01;Store_19;31524
2014-01-01;Store_19;32450
2014-02-01;Store_19;34556
2014-03-01;Store_19;38831
2014-04-01;Store_19;47420
2014-05-01;Store_19;51063
2014-06-01;Store_19;60565
2014-07-01;Store_19;59433
2014-08-01;Store_19;69386
2014-09-01;Store_19;56019
2014-10-01;Store_19;45522
2014-11-01;Store_19;36906
2014-12-01;Store_19;33404
2015-01-01;Store_19;32926
2015-02-01;Store_19;34066
2015-03-01;Store_19;40892
2015-04-01;Store_19;50366
2015-05-01;Store_19;54978
2015-06-01;Store_19;61350
2015-07-01;Store_19;64558
2015-08-01;Store_19;72498
2015-09-01;Store_19;56588
2015-10-01;Store_19;47887
2015-11-01;Store_19;37999
2015-12-01;Store_19;35797
2016-01-01;Store_19;
2016-02-01;Store_19;
2016-03-01;Store_19;
2016-04-01;Store_19;
2016-05-01;Store_19;
2016-06-01;Store_19;
2016-07-01;Store_19;
2016-08-01;Store_19;
2016-09-01;Store_19;
2016-10-01;Store_19;
2016-11-01;Store_19;
2016-12-01;Store_19;
2010-01-01;Store_20;13619
2010-02-01;Store_20;13605
2010-03-01;Store_20;17974
2010-04-01;Store_20;19202
2010-05-01;Store_20;20825
2010-06-01;Store_20;22602
2010-07-01;Store_20;20535
2010-08-01;Store_20;18935
2010-09-01;Store_20;20495
2010-10-01;Store_20;19394
2010-11-01;Store_20;15929
2010-12-01;Store_20;14971
2011-01-01;Store_20;14046
2011-02-01;Store_20;14689
2011-03-01;Store_20;17635
2011-04-01;Store_20;19620
2011-05-01;Store_20;20551
2011-06-01;Store_20;23954
2011-07-01;Store_20;20676
2011-08-01;Store_20;19264
2011-09-01;Store_20;20090
2011-10-01;Store_20;19534
2011-11-01;Store_20;15850
2011-12-01;Store_20;14276
2012-01-01;Store_20;14067
2012-02-01;Store_20;14055
2012-03-01;Store_20;16938
2012-04-01;Store_20;19282
2012-05-01;Store_20;19854
2012-06-01;Store_20;21077
2012-07-01;Store_20;19872
2012-08-01;Store_20;17598
2012-09-01;Store_20;20179
2012-10-01;Store_20;18859
2012-11-01;Store_20;16246
2012-12-01;Store_20;14368
2013-01-01;Store_20;13487
2013-02-01;Store_20;13259
2013-03-01;Store_20;16358
2013-04-01;Store_20;17895
2013-05-01;Store_20;19731
2013-06-01;Store_20;21062
2013-07-01;Store_20;20138
2013-08-01;Store_20;17989
2013-09-01;Store_20;19178
2013-10-01;Store_20;18484
2013-11-01;Store_20;17001
2013-12-01;Store_20;13559
2014-01-01;Store_20;12632
2014-02-01;Store_20;13653
2014-03-01;Store_20;15928
2014-04-01;Store_20;18083
2014-05-01;Store_20;19409
2014-06-01;Store_20;20427
2014-07-01;Store_20;18557
2014-08-01;Store_20;17788
2014-09-01;Store_20;19329
2014-10-01;Store_20;19061
2014-11-01;Store_20;14988
2014-12-01;Store_20;13715
2015-01-01;Store_20;13474
2015-02-01;Store_20;14031
2015-03-01;Store_20;16354
2015-04-01;Store_20;18356
2015-05-01;Store_20;18980
2015-06-01;Store_20;20855
2015-07-01;Store_20;18940
2015-08-01;Store_20;17542
2015-09-01;Store_20;19173
2015-10-01;Store_20;17906
2015-11-01;Store_20;14480
2015-12-01;Store_20;13164
2016-01-01;Store_20;
2016-02-01;Store_20;
2016-03-01;Store_20;
2016-04-01;Store_20;
2016-05-01;Store_20;
2016-06-01;Store_20;
2016-07-01;Store_20;
2016-08-01;Store_20;
2016-09-01;Store_20;
2016-10-01;Store_20;
2016-11-01;Store_20;
2016-12-01;Store_20;
