Posting Period -1;LOB;T&E Act;T&E Budget;SW Licenses ACT;SW Licenses Budget;SW Licenses Budget -1;Cloud Bookings TCV;Cloud Subscr. & Support ACT;Cloud Subscr. & Support BUD;Headcount ACT ;Headcount Budget;WorkingDays (#);Holiday_month;FKOM;WinC;SAPH;TECed;Summer Party;Christmas Party;Safeguarding Measures;Year End;Year Start;Time Lag Year End;GPO Rebates ACT;GPO Rebates BUD
2013-01-01;Board of Directors;-497671;-271328;56135371;124301423;0;0;2544767;3492697;10;9;23;0;1;0;0;0;0;0;0;0;2;1;0;0
2013-02-01;Board of Directors;-422598;-271315;109923870;141323970;0;0;9594000;3565405;10;9;22;0;0;1;0;0;0;0;0;0;1;0;0;0
2013-03-01;Board of Directors;-448552;-271315;495455883;505884208;0;0;31419603;32497820;10;9;22;0;0;0;0;0;0;0;0;0;0;0;0;0
2013-04-01;Board of Directors;-354006;-237915;121294678;173255238;0;0;25883988;31726882;11;9;22;0;0;0;0;0;0;0;0;0;0;0;0;0
2013-05-01;Board of Directors;-573274;-243021;167236523;190136012;0;0;26791262;31987388;11;9;24;0;0;0;1;0;0;0;0;0;0;0;0;0
2013-06-01;Board of Directors;-414537;-243021;796005501;723702301;0;0;28436469;33838292;11;9;21;0;0;0;0;0;0;0;0;0;0;0;0;0
2013-07-01;Board of Directors;-986190;-1570188;84712578;158975741;0;0;24347130;34567959;11;10;23;1;0;0;0;0;1;0;0;0;0;0;0;0
2013-08-01;Board of Directors;-1999654;-1621376;162433462;218701030;0;0;27763194;35036686;11;10;23;1;0;0;0;0;0;0;0;0;0;0;0;0
2013-09-01;Board of Directors;-930811;-1621376;799799158;709134992;0;0;40335147;36802564;12;10;21;0;0;0;0;0;0;0;0;0;0;0;0;0
2013-10-01;Board of Directors;-436038;-268515;104458617;319036303;0;0;58674873;68965714;12;10;24;0;0;0;0;0;0;0;1;0;0;0;0;0
2013-11-01;Board of Directors;-597448;-276721;238325611;351753096;0;0;60260520;69367053;12;10;22;0;0;0;0;1;0;0;1;1;0;0;0;0
2013-12-01;Board of Directors;-501801;-276721;1658323458;1440317825;0;0;68840070;73936506;12;10;22;0;0;0;0;0;0;1;1;2;0;-1;0;0
2014-01-01;Board of Directors;-444412;-380025;96042368;107658286;0;32080;59798492;62548366;14;12;24;0;1;0;0;0;0;0;0;0;2;1;0;0
2014-02-01;Board of Directors;-425151;-379925;68047647;131812243;0;46168;61397454;62737184;14;12;21;0;0;1;0;0;0;0;0;0;1;0;0;0
2014-03-01;Board of Directors;-525806;-379925;521456586;507497721;0;191440;78692380;64371156;14;12;22;0;0;0;0;0;0;0;0;0;0;0;0;0
2014-04-01;Board of Directors;-421026;-468436;85623708;181568333;0;24840;66587633;64960370;14;12;23;0;0;0;0;0;0;0;0;0;0;0;0;0
2014-05-01;Board of Directors;-649520;-468430;139851562;221022557;0;64063;76710280;67173575;14;12;23;0;0;0;1;0;0;0;0;0;0;0;0;0
2014-06-01;Board of Directors;-693193;-468430;815698191;814556372;0;262758;73197175;69130310;13;12;21;0;0;0;0;0;0;0;0;0;0;0;0;0
2014-07-01;Board of Directors;-716335;-396651;117768497;167448497;0;49680;82786516;72696052;12;12;24;1;0;0;0;0;1;0;0;0;0;0;0;0
2014-08-01;Board of Directors;-455660;-396551;150633201;208941585;0;36726;77534517;73869545;12;12;22;1;0;0;0;0;0;0;0;0;0;0;0;0
2014-09-01;Board of Directors;-379138;-396551;778857502;812332252;0;351898;75372157;73869577;12;12;22;0;0;0;0;0;0;0;0;0;0;0;0;0
2014-10-01;Board of Directors;-598124;-256464;125167462;353416838;0;45323;84894967;83177049;12;12;24;0;0;0;0;0;0;0;1;0;0;0;0;0
2014-11-01;Board of Directors;-559497;-256364;179033942;419834716;0;144112;80664742;83203839;13;12;21;0;0;0;0;1;0;0;1;1;0;0;0;0
2014-12-01;Board of Directors;-749535;-256364;1744907872;1549912194;0;608613;92046823;83208839;12;12;23;0;0;0;0;0;0;1;1;2;0;-1;0;0
2015-01-01;Board of Directors;-455853;-186520;61646854;82772552;0;11126;91564389;86978054;13;20;23;0;1;0;0;0;0;0;0;0;2;1;0;0
2015-02-01;Board of Directors;-719222;-191520;90691211;123095994;0;24412;83128334;87687967;12;20;20;0;0;1;0;0;0;0;0;0;1;0;0;0
2015-03-01;Board of Directors;-405171;-191530;521936867;501398404;0;140484;97753218;89972133;12;20;22;0;0;0;0;0;0;0;0;0;0;0;0;0
2015-04-01;Board of Directors;-319814;-279210;65245452;123806206;0;31290;91241856;92032158;12;19;23;0;0;0;0;0;0;0;0;0;0;0;0;0
2015-05-01;Board of Directors;-241832;-284210;114725143;193914631;0;39093;97212468;100351874;13;19;22;0;0;0;1;0;0;0;0;0;0;0;0;0
2015-06-01;Board of Directors;-1743770;-284210;864427444;768686699;0;189106;109744527;101943957;12;18;22;0;0;0;0;0;0;0;0;0;0;0;0;0
2015-07-01;Board of Directors;-1830899;-2751967;84741993;136020657;0;57693;109179890;109718415;13;18;24;1;0;0;0;0;1;0;1;0;0;0;0;0
2015-08-01;Board of Directors;-591230;-284210;139325283;187145815;0;30623;106761250;110507661;12;18;22;1;0;0;0;0;0;0;1;0;0;0;0;0
2015-09-01;Board of Directors;-1206094;-284210;789435615;766720815;0;244731;113098310;110308242;10;18;23;0;0;0;0;0;0;0;1;0;0;0;0;0
2015-10-01;Board of Directors;-513944;-279210;96125828;254354323;0;60834;109483438;127395339;10;18;23;0;0;0;0;0;0;0;1;0;0;0;0;0
2015-11-01;Board of Directors;-444791;-284200;211701241;368177971;0;67851;109086152;129737612;10;18;21;0;0;0;0;1;0;0;1;1;0;0;0;0
2015-12-01;Board of Directors;-185991;-284200;1647950929;1495469388;0;471049;187618476;179187114;10;18;24;0;0;0;0;0;0;1;1;2;0;-1;0;0
2016-01-01;Board of Directors;-439364;-289170;45475689;80116212;0;21743;136583051;179506437;11;20;22;0;1;0;0;0;0;0;0;0;2;1;0;0
2016-02-01;Board of Directors;-724675;-289170;72094401;116648615;0;42274;200451025;179909922;11;20;20;0;0;1;0;0;0;0;0;0;1;0;0;0
2016-03-01;Board of Directors;-558776;-289160;563227187;497878088;0;252104;185177842;189695429;10;20;23;0;0;0;0;0;0;0;0;0;0;0;0;0
2016-04-01;Board of Directors;-906989;-289170;60312529;133557658;0;73172;172296918;193686921;9;20;23;0;0;0;0;0;0;0;0;0;0;0;0;0
2016-05-01;Board of Directors;-439049;-289170;119052503;183565960;0;90979;177113092;194728146;9;20;22;0;0;0;1;0;0;0;0;0;0;0;0;0
2016-06-01;Board of Directors;-1039775;-289160;799239010;747282789;0;378034;212040182;200043165;9;20;23;0;0;0;0;0;0;0;0;0;0;0;0;0
2016-07-01;Board of Directors;-539783;-289170;82082439;128388121;0;71098;173573418;209905061;8;20;23;1;0;0;0;0;1;0;0;0;0;0;0;0
2016-08-01;Board of Directors;-312942;-289170;102544958;166777040;0;106220;183138748;210404141;9;20;22;1;0;0;0;0;0;0;0;0;0;0;0;0
2016-09-01;Board of Directors;-667021;-289160;845728664;710651531;0;410872;255692284;217416522;9;20;23;0;0;0;0;0;0;0;0;0;0;0;0;0
2016-10-01;Board of Directors;-378807;-289170;132866095;216828601;0;180650;148370637;227800101;9;20;22;0;0;0;0;0;0;0;1;0;0;0;0;0
2016-11-01;Board of Directors;-341836;-289170;268247772;320140870;0;128883;163775516;228695663;10;20;22;0;0;0;0;1;0;0;1;1;0;0;0;0
2016-12-01;Board of Directors;1192135;-289160;1750047410;1448079595;0;764609;325093986;238517313;10;21;24;0;0;0;0;0;0;1;1;2;0;-1;0;0
2017-01-01;Board of Directors;-723023;-680978;40365781;64238228;0;33936;201254506;224033699;10;10;22;0;1;0;0;0;0;0;0;0;2;1;0;0
2017-02-01;Board of Directors;-453511;-682707;68832789;107529808;0;79259;201636879;225151773;9;10;22;0;0;1;0;0;0;0;0;0;1;0;0;0
2017-03-01;Board of Directors;-850487;-676538;504512562;530487130;0;251131;286669952;235646393;9;10;24;0;0;0;0;0;0;0;0;0;0;0;0;0
2017-04-01;Board of Directors;-536433;-565461;90252233;102334782;0;81360;239144909;241250761;12;12;21;0;0;0;0;0;0;0;0;0;0;0;0;0
2017-05-01;Board of Directors;-499062;-569947;169766741;170606310;0;142244;268065748;246257996;12;12;23;0;0;0;1;0;0;0;0;0;0;0;0;0
2017-06-01;Board of Directors;-843752;-649684;804086364;797748287;0;530599;238145294;252521049;12;12;23;0;0;0;0;0;0;0;0;0;0;0;0;0
2017-07-01;Board of Directors;-2431636;-1123408;119003465;102938453;0;72114;-43070987;259918389;13;12;22;1;0;0;0;0;1;0;0;0;0;0;0;0
2017-08-01;Board of Directors;-804101;-1075183;85758581;162230830;0;170284;546498957;265045228;13;12;24;1;0;0;0;0;0;0;0;0;0;0;0;0
2017-09-01;Board of Directors;-921276;-1076083;841739860;776277119;0;518914;288859343;287432304;12;12;22;0;0;0;0;0;0;0;0;0;0;0;0;0
2017-10-01;Board of Directors;639589;-822283;102990789;195851310;0;112167;240059877;289556930;12;12;22;0;0;0;0;0;0;0;1;0;0;0;0;0
2017-11-01;Board of Directors;-592067;-650283;218269299;326141685;0;133497;198605815;285868572;12;12;23;0;0;0;0;1;0;0;1;1;0;0;0;0
2017-12-01;Board of Directors;-1298135;-569023;1830267065;1515725261;0;1263148;386076913;305519192;12;12;22;0;0;0;0;0;0;1;1;2;0;-1;0;0
2018-01-01;Board of Directors;;-590340;;71558716;0;48618;;298474628;;12;23;0;1;0;0;0;0;0;0;0;2;1;;0
2018-02-01;Board of Directors;;-590340;;107207094;0;68259;;302198146;;12;21;0;0;1;0;0;0;0;0;0;1;0;;0
2018-03-01;Board of Directors;;-590340;;465761826;0;528189;;308294737;;12;23;0;0;0;0;0;0;0;0;0;0;0;;0
2018-04-01;Board of Directors;;-590340;;113564715;0;83029;;328496722;;12;21;0;0;0;0;0;0;0;0;0;0;0;;0
2018-05-01;Board of Directors;;-615340;;173205758;0;135014;;333506926;;13;24;0;0;0;1;0;0;0;0;0;0;0;;0
2018-06-01;Board of Directors;;-615340;;778861102;0;856556;;333240092;;13;22;0;0;0;0;0;0;0;0;0;0;0;;0
2018-07-01;Board of Directors;;-615340;;132164057;0;124008;;348404613;;13;22;1;0;0;0;0;1;0;2;0;0;0;;0
2018-08-01;Board of Directors;;-615340;;197485325;0;139912;;353309463;;13;24;1;0;0;0;0;0;0;2;0;0;0;;0
2018-09-01;Board of Directors;;-615340;;725787094;0;698292;;349901359;;13;21;0;0;0;0;0;0;0;2;0;0;0;;0
2018-10-01;Board of Directors;;-615340;;249679506;0;139584;;374252372;;13;23;0;0;0;0;0;0;0;2;0;0;0;;0
2018-11-01;Board of Directors;;-615340;;356584978;0;221449;;373446545;;13;23;0;0;0;0;1;0;0;2;1;0;0;;0
2018-12-01;Board of Directors;;-615340;;1451790767;0;1509753;;368847081;;13;22;0;0;0;0;0;0;1;2;2;0;-1;;0
2013-01-01;Purchasing;-1605181;-2344920;56135371;124301423;1337995596;0;2544767;3492697;1912;2117;23;0;1;0;0;0;0;0;0;0;2;1;0;0
2013-02-01;Purchasing;-2049329;-2139803;109923870;141323970;124301423;0;9594000;3565405;1993;2216;22;0;0;1;0;0;0;0;0;0;1;0;0;0
2013-03-01;Purchasing;-2646690;-2333933;495455883;505884208;141323970;0;31419603;32497820;2001;2208;22;0;0;0;0;0;0;0;0;0;0;0;0;0
2013-04-01;Purchasing;-2095291;-2286290;121294678;173255238;505884208;0;25883988;31726882;2047;2257;22;0;0;0;0;0;0;0;0;0;0;0;0;0
2013-05-01;Purchasing;-5023703;-2313767;167236523;190136012;173255238;0;26791262;31987388;2044;2276;24;0;0;0;1;0;0;0;0;0;0;0;0;0
2013-06-01;Purchasing;96984;-2288928;796005501;723702301;190136012;0;28436469;33838292;2014;2235;21;0;0;0;0;0;0;0;0;0;0;0;0;0
2013-07-01;Purchasing;-1141683;-2729771;84712578;158975741;723702301;0;24347130;34567959;2056;2446;23;1;0;0;0;0;1;0;0;0;0;0;0;0
2013-08-01;Purchasing;-1908119;-2580532;162433462;218701030;158975741;0;27763194;35036686;2071;2476;23;1;0;0;0;0;0;0;0;0;0;0;0;0
2013-09-01;Purchasing;-2062239;-2726809;799799158;709134992;218701030;0;40335147;36802564;2096;2468;21;0;0;0;0;0;0;0;0;0;0;0;0;0
2013-10-01;Purchasing;-2268131;-2772573;104458617;319036303;709134992;0;58674873;68965714;2110;2552;24;0;0;0;0;0;0;0;1;0;0;0;0;0
2013-11-01;Purchasing;-2137408;-2813513;238325611;351753096;319036303;0;60260520;69367053;2110;2579;22;0;0;0;0;1;0;0;1;1;0;0;0;0
2013-12-01;Purchasing;-4316900;-2832496;1658323458;1440317825;351753096;0;68840070;73936506;2097;2553;22;0;0;0;0;0;0;1;1;2;0;-1;0;0
2014-01-01;Purchasing;-1939031;-2198779;96042368;107658286;1440317825;32080;59798492;62548366;2098;2105;24;0;1;0;0;0;0;0;0;0;2;1;0;0
2014-02-01;Purchasing;-1682193;-2139856;68047647;131812243;107658286;46168;61397454;62737184;2087;2108;21;0;0;1;0;0;0;0;0;0;1;0;0;0
2014-03-01;Purchasing;-2745550;-2150398;521456586;507497721;131812243;191440;78692380;64371156;2089;2133;22;0;0;0;0;0;0;0;0;0;0;0;0;0
2014-04-01;Purchasing;-1928543;-2082456;85623708;181568333;507497721;24840;66587633;64960370;2108;2142;23;0;0;0;0;0;0;0;0;0;0;0;0;0
2014-05-01;Purchasing;-4262565;-2133572;139851562;221022557;181568333;64063;76710280;67173575;2113;2124;23;0;0;0;1;0;0;0;0;0;0;0;0;0
2014-06-01;Purchasing;-481827;-2301528;815698191;814556372;221022557;262758;73197175;69130310;2089;2107;21;0;0;0;0;0;0;0;0;0;0;0;0;0
2014-07-01;Purchasing;-2155915;-2117848;117768497;167448497;814556372;49680;82786516;72696052;2092;2139;24;1;0;0;0;0;1;0;0;0;0;0;0;0
2014-08-01;Purchasing;-1122644;-1651985;150633201;208941585;167448497;36726;77534517;73869545;2095;2136;22;1;0;0;0;0;0;0;0;0;0;0;0;0
2014-09-01;Purchasing;-1229182;-1784051;778857502;812332252;208941585;351898;75372157;73869577;2101;2136;22;0;0;0;0;0;0;0;0;0;0;0;0;0
2014-10-01;Purchasing;-2210267;-2520029;125167462;353416838;812332252;45323;84894967;83177049;2118;2157;24;0;0;0;0;0;0;0;1;0;0;0;0;0
2014-11-01;Purchasing;-2604034;-2537790;179033942;419834716;353416838;144112;80664742;83203839;2126;2152;21;0;0;0;0;1;0;0;1;1;0;0;0;0
2014-12-01;Purchasing;-479213;-2465828;1744907872;1549912194;419834716;608613;92046823;83208839;2155;2165;23;0;0;0;0;0;0;1;1;2;0;-1;0;0
2015-01-01;Purchasing;-1699967;-1843639;61646854;82772552;1549912194;11126;91564389;86978054;2178;2132;23;0;1;0;0;0;0;0;0;0;2;1;0;0
2015-02-01;Purchasing;-2129593;-2066304;90691211;123095994;82772552;24412;83128334;87687967;2176;2150;20;0;0;1;0;0;0;0;0;0;1;0;0;0
2015-03-01;Purchasing;-1797600;-2094932;521936867;501398404;123095994;140484;97753218;89972133;2183;2157;22;0;0;0;0;0;0;0;0;0;0;0;0;0
2015-04-01;Purchasing;-1714501;-1948160;65245452;123806206;501398404;31290;91241856;92032158;2154;2153;23;0;0;0;0;0;0;0;0;0;0;0;0;0
2015-05-01;Purchasing;-2704497;-2242468;114725143;193914631;123806206;39093;97212468;100351874;2202;2160;22;0;0;0;1;0;0;0;0;0;0;0;0;0
2015-06-01;Purchasing;-2398745;-2226544;864427444;768686699;193914631;189106;109744527;101943957;2154;2226;22;0;0;0;0;0;0;0;0;0;0;0;0;0
2015-07-01;Purchasing;-1765471;-1745895;84741993;136020657;768686699;57693;109179890;109718415;2180;2234;24;1;0;0;0;0;1;0;1;0;0;0;0;0
2015-08-01;Purchasing;-1344557;-1858131;139325283;187145815;136020657;30623;106761250;110507661;2171;2279;22;1;0;0;0;0;0;0;1;0;0;0;0;0
2015-09-01;Purchasing;-1977364;-1858992;789435615;766720815;187145815;244731;113098310;110308242;2198;2275;23;0;0;0;0;0;0;0;1;0;0;0;0;0
2015-10-01;Purchasing;-2650108;-2028974;96125828;254354323;766720815;60834;109483438;127395339;2216;2283;23;0;0;0;0;0;0;0;1;0;0;0;0;0
2015-11-01;Purchasing;-2331314;-1909338;211701241;368177971;254354323;67851;109086152;129737612;2222;2285;21;0;0;0;0;1;0;0;1;1;0;0;0;0
2015-12-01;Purchasing;-1091363;-1862399;1647950929;1495469388;368177971;471049;187618476;179187114;2237;2294;24;0;0;0;0;0;0;1;1;2;0;-1;0;0
2016-01-01;Purchasing;-1779255;-1822615;45475689;80116212;1495469388;21743;136583051;179506437;2228;2305;22;0;1;0;0;0;0;0;0;0;2;1;0;0
2016-02-01;Purchasing;-2437383;-1675117;72094401;116648615;80116212;42274;200451025;179909922;2204;2299;20;0;0;1;0;0;0;0;0;0;1;0;0;0
2016-03-01;Purchasing;-2681960;-1609327;563227187;497878088;116648615;252104;185177842;189695429;2201;2284;23;0;0;0;0;0;0;0;0;0;0;0;0;0
2016-04-01;Purchasing;-3357774;-1954610;60312529;133557658;497878088;73172;172296918;193686921;2183;2399;23;0;0;0;0;0;0;0;0;0;0;0;0;0
2016-05-01;Purchasing;-2464943;-2256332;119052503;183565960;133557658;90979;177113092;194728146;2166;2407;22;0;0;0;1;0;0;0;0;0;0;0;0;0
2016-06-01;Purchasing;-2551744;-2039387;799239010;747282789;183565960;378034;212040182;200043165;2183;2413;23;0;0;0;0;0;0;0;0;0;0;0;0;0
2016-07-01;Purchasing;-1605052;-2130739;82082439;128388121;747282789;71098;173573418;209905061;2179;2449;23;1;0;0;0;0;1;0;0;0;0;0;0;0
2016-08-01;Purchasing;-2269639;-1944690;102544958;166777040;128388121;106220;183138748;210404141;2204;2488;22;1;0;0;0;0;0;0;0;0;0;0;0;0
2016-09-01;Purchasing;-1005485;-2014014;845728664;710651531;166777040;410872;255692284;217416522;2204;2487;23;0;0;0;0;0;0;0;0;0;0;0;0;0
2016-10-01;Purchasing;-1493289;-2569514;132866095;216828601;710651531;180650;148370637;227800101;2190;2519;22;0;0;0;0;0;0;0;1;0;0;0;0;0
2016-11-01;Purchasing;-1440842;-2148665;268247772;320140870;216828601;128883;163775516;228695663;2203;2543;22;0;0;0;0;1;0;0;1;1;0;0;0;0
2016-12-01;Purchasing;-1516885;-1992128;1750047410;1448079595;320140870;764609;325093986;238517313;2222;2562;24;0;0;0;0;0;0;1;1;2;0;-1;0;0
2017-01-01;Purchasing;-1584217;-1643930;40365781;64238228;1448079595;33936;201254506;224033699;2214;2287;22;0;1;0;0;0;0;0;0;0;2;1;0;0
2017-02-01;Purchasing;-2194595;-1967863;68832789;107529808;64238228;79259;201636879;225151773;2216;2312;22;0;0;1;0;0;0;0;0;0;1;0;0;0
2017-03-01;Purchasing;-2538427;-2162040;504512562;530487130;107529808;251131;286669952;235646393;2262;2338;24;0;0;0;0;0;0;0;0;0;0;0;0;0
2017-04-01;Purchasing;-2034533;-2309138;90252233;102334782;530487130;81360;239144909;241250761;2239;2373;21;0;0;0;0;0;0;0;0;0;0;0;0;0
2017-05-01;Purchasing;-1965177;-2370474;169766741;170606310;102334782;142244;268065748;246257996;2240;2389;23;0;0;0;1;0;0;0;0;0;0;0;0;0
2017-06-01;Purchasing;-1960481;-1894347;804086364;797748287;170606310;530599;238145294;252521049;2241;2399;23;0;0;0;0;0;0;0;0;0;0;0;0;0
2017-07-01;Purchasing;-2017710;-1761025;119003465;102938453;797748287;72114;-43070987;259918389;2240;2415;22;1;0;0;0;0;1;0;0;0;0;0;0;0
2017-08-01;Purchasing;-1899174;-1670236;85758581;162230830;102938453;170284;546498957;265045228;2254;2432;24;1;0;0;0;0;0;0;0;0;0;0;0;0
2017-09-01;Purchasing;-3696995;-1933581;841739860;776277119;162230830;518914;288859343;287432304;2270;2449;22;0;0;0;0;0;0;0;0;0;0;0;0;0
2017-10-01;Purchasing;-588607;-2467149;102990789;195851310;776277119;112167;240059877;289556930;2301;2471;22;0;0;0;0;0;0;0;1;0;0;0;0;0
2017-11-01;Purchasing;-1981140;-3518609;218269299;326141685;195851310;133497;198605815;285868572;2317;2499;23;0;0;0;0;1;0;0;1;1;0;0;0;0
2017-12-01;Purchasing;-2131967;-1810033;1830267065;1515725261;326141685;1263148;386076913;305519192;2327;2524;22;0;0;0;0;0;0;1;1;2;0;-1;0;0
2018-01-01;Purchasing;;-2411965;;71558716;1515725261;48618;;298474628;;2363;23;0;1;0;0;0;0;0;0;0;2;1;;0
2018-02-01;Purchasing;;-2616199;;107207094;71558716;68259;;302198146;;2384;21;0;0;1;0;0;0;0;0;0;1;0;;0
2018-03-01;Purchasing;;-2313416;;465761826;107207094;528189;;308294737;;2417;23;0;0;0;0;0;0;0;0;0;0;0;;0
2018-04-01;Purchasing;;-1848338;;113564715;465761826;83029;;328496722;;2452;21;0;0;0;0;0;0;0;0;0;0;0;;0
2018-05-01;Purchasing;;-2274291;;173205758;113564715;135014;;333506926;;2466;24;0;0;0;1;0;0;0;0;0;0;0;;0
2018-06-01;Purchasing;;-1911850;;778861102;173205758;856556;;333240092;;2483;22;0;0;0;0;0;0;0;0;0;0;0;;0
2018-07-01;Purchasing;;-2032624;;132164057;778861102;124008;;348404613;;2510;22;1;0;0;0;0;1;0;2;0;0;0;;0
2018-08-01;Purchasing;;-1802661;;197485325;132164057;139912;;353309463;;2522;24;1;0;0;0;0;0;0;2;0;0;0;;0
2018-09-01;Purchasing;;-1946563;;725787094;197485325;698292;;349901359;;2482;21;0;0;0;0;0;0;0;2;0;0;0;;0
2018-10-01;Purchasing;;-1801446;;249679506;725787094;139584;;374252372;;2522;23;0;0;0;0;0;0;0;2;0;0;0;;0
2018-11-01;Purchasing;;-2232194;;356584978;249679506;221449;;373446545;;2529;23;0;0;0;0;1;0;0;2;1;0;0;;0
2018-12-01;Purchasing;;-1496021;;1451790767;356584978;1509753;;368847081;;2535;22;0;0;0;0;0;0;1;2;2;0;-1;;0
2013-01-01;Accounting & Finance;-731620;-972396;56135371;124301423;1337995596;0;2544767;3492697;3115;3192;23;0;1;0;0;0;0;0;0;0;2;1;185079;482352.34
2013-02-01;Accounting & Finance;-1272231;-1025830;109923870;141323970;124301423;0;9594000;3565405;3242;3388;22;0;0;1;0;0;0;0;0;0;1;0;321079;439074.77
2013-03-01;Accounting & Finance;-547043;-1022292;495455883;505884208;141323970;0;31419603;32497820;3251;3402;22;0;0;0;0;0;0;0;0;0;0;0;1122398;439074.77
2013-04-01;Accounting & Finance;-1106182;-1186910;121294678;173255238;505884208;0;25883988;31726882;3276;3448;22;0;0;0;0;0;0;0;0;0;0;0;143434;322956.08
2013-05-01;Accounting & Finance;-1295894;-1201307;167236523;190136012;173255238;0;26791262;31987388;3280;3363;24;0;0;0;1;0;0;0;0;0;0;0;1092503;364782.24
2013-06-01;Accounting & Finance;-179145;-1225429;796005501;723702301;190136012;0;28436469;33838292;3275;3368;21;0;0;0;0;0;0;0;0;0;0;0;443937;364782.24
2013-07-01;Accounting & Finance;-714438;-1028414;84712578;158975741;723702301;0;24347130;34567959;3276;3361;23;1;0;0;0;0;1;0;0;0;0;0;750970;327255.14
2013-08-01;Accounting & Finance;-881014;-1041349;162433462;218701030;158975741;0;27763194;35036686;3252;3387;23;1;0;0;0;0;0;0;0;0;0;0;35998;369174.77
2013-09-01;Accounting & Finance;-1160665;-1089460;799799158;709134992;218701030;0;40335147;36802564;3259;3390;21;0;0;0;0;0;0;0;0;0;0;0;1033115;369174.77
2013-10-01;Accounting & Finance;-1375805;-2900450;104458617;319036303;709134992;0;58674873;68965714;3517;6234;24;0;0;0;0;0;0;0;1;0;0;0;163155;507542.06
2013-11-01;Accounting & Finance;-563193;-2917012;238325611;351753096;319036303;0;60260520;69367053;3525;6236;22;0;0;0;0;1;0;0;1;1;0;0;141889;549461.68
2013-12-01;Accounting & Finance;652818;-2971346;1658323458;1440317825;351753096;0;68840070;73936506;3530;6236;22;0;0;0;0;0;0;1;1;2;0;-1;3098823;549461.68
2014-01-01;Accounting & Finance;-1319495;-2924751;96042368;107658286;1440317825;32080;59798492;62548366;3550;5354;24;0;1;0;0;0;0;0;0;0;2;1;96895;625000
2014-02-01;Accounting & Finance;-790689;-2949142;68047647;131812243;107658286;46168;61397454;62737184;3546;5371;21;0;0;1;0;0;0;0;0;0;1;0;909757;625000
2014-03-01;Accounting & Finance;-953713;-2884529;521456586;507497721;131812243;191440;78692380;64371156;3513;5376;22;0;0;0;0;0;0;0;0;0;0;0;829722;625000
2014-04-01;Accounting & Finance;-1162037;-2317067;85623708;181568333;507497721;24840;66587633;64960370;3564;5417;23;0;0;0;0;0;0;0;0;0;0;0;197780;625000
2014-05-01;Accounting & Finance;-1192768;-2331482;139851562;221022557;181568333;64063;76710280;67173575;3540;5406;23;0;0;0;1;0;0;0;0;0;0;0;173803;625000
2014-06-01;Accounting & Finance;870051;-2325821;815698191;814556372;221022557;262758;73197175;69130310;3535;5344;21;0;0;0;0;0;0;0;0;0;0;0;2386061;625000
2014-07-01;Accounting & Finance;-2187347;-2723862;117768497;167448497;814556372;49680;82786516;72696052;3566;5380;24;1;0;0;0;0;1;0;0;0;0;0;-878344;625000
2014-08-01;Accounting & Finance;-813041;-2759378;150633201;208941585;167448497;36726;77534517;73869545;3619;5362;22;1;0;0;0;0;0;0;0;0;0;0;142624;625000
2014-09-01;Accounting & Finance;869453;-2788077;778857502;812332252;208941585;351898;75372157;73869577;3627;5322;22;0;0;0;0;0;0;0;0;0;0;0;1869006;625000
2014-10-01;Accounting & Finance;-2581909;-2603678;125167462;353416838;812332252;45323;84894967;83177049;3641;5315;24;0;0;0;0;0;0;0;1;0;0;0;-936513;625000
2014-11-01;Accounting & Finance;-979429;-2670866;179033942;419834716;353416838;144112;80664742;83203839;3652;5326;21;0;0;0;0;1;0;0;1;1;0;0;164818;625000
2014-12-01;Accounting & Finance;1759740;-3287702;1744907872;1549912194;419834716;608613;92046823;83208839;3626;5281;23;0;0;0;0;0;0;1;1;2;0;-1;3876275;625000
2015-01-01;Accounting & Finance;-922851;-571034;61646854;82772552;1549912194;11126;91564389;86978054;3640;3671;23;0;1;0;0;0;0;0;0;0;2;1;413533;833266.8
2015-02-01;Accounting & Finance;-1254313;-636241;90691211;123095994;82772552;24412;83128334;87687967;3625;3682;20;0;0;1;0;0;0;0;0;0;1;0;183076;833366.8
2015-03-01;Accounting & Finance;334923;-617844;521936867;501398404;123095994;140484;97753218;89972133;3629;3678;22;0;0;0;0;0;0;0;0;0;0;0;1894355;833366.8
2015-04-01;Accounting & Finance;-2139149;-629843;65245452;123806206;501398404;31290;91241856;92032158;3635;3711;23;0;0;0;0;0;0;0;0;0;0;0;-920564;832466.8
2015-05-01;Accounting & Finance;-1202040;-673865;114725143;193914631;123806206;39093;97212468;100351874;3621;3703;22;0;0;0;1;0;0;0;0;0;0;0;207029;833766.8
2015-06-01;Accounting & Finance;1914367;-738899;864427444;768686699;193914631;189106;109744527;101943957;3626;3700;22;0;0;0;0;0;0;0;0;0;0;0;3343956;833766.8
2015-07-01;Accounting & Finance;-4177517;-557870;84741993;136020657;768686699;57693;109179890;109718415;3578;3654;24;1;0;0;0;0;1;0;1;0;0;0;-2596026;1049866.8
2015-08-01;Accounting & Finance;-778946;-602019;139325283;187145815;136020657;30623;106761250;110507661;3580;3649;22;1;0;0;0;0;0;0;1;0;0;0;293017;1049966.8
2015-09-01;Accounting & Finance;2831547;-615707;789435615;766720815;187145815;244731;113098310;110308242;3590;3628;23;0;0;0;0;0;0;0;1;0;0;0;5565125;1049966.8
2015-10-01;Accounting & Finance;-4362288;-619380;96125828;254354323;766720815;60834;109483438;127395339;3602;3623;23;0;0;0;0;0;0;0;1;0;0;0;-4435526;1049866.8
2015-11-01;Accounting & Finance;-837811;-609968;211701241;368177971;254354323;67851;109086152;129737612;3589;3610;21;0;0;0;0;1;0;0;1;1;0;0;847841;1049966.8
2015-12-01;Accounting & Finance;3014423;-823032;1647950929;1495469388;368177971;471049;187618476;179187114;3787;3597;24;0;0;0;0;0;0;1;1;2;0;-1;7794314;1049966.8
2016-01-01;Accounting & Finance;-1111830;-1177124;45475689;80116212;1495469388;21743;136583051;179506437;3820;3933;22;0;1;0;0;0;0;0;0;0;2;1;248358;409700
2016-02-01;Accounting & Finance;-1381189;-1196434;72094401;116648615;80116212;42274;200451025;179909922;3827;3922;20;0;0;1;0;0;0;0;0;0;1;0;332097;153300
2016-03-01;Accounting & Finance;-1265643;-1203092;563227187;497878088;116648615;252104;185177842;189695429;3832;3922;23;0;0;0;0;0;0;0;0;0;0;0;367633;413200
2016-04-01;Accounting & Finance;-1741050;-837440;60312529;133557658;497878088;73172;172296918;193686921;3796;3939;23;0;0;0;0;0;0;0;0;0;0;0;618297;524800
2016-05-01;Accounting & Finance;-1065478;-1169119;119052503;183565960;133557658;90979;177113092;194728146;3820;3979;22;0;0;0;1;0;0;0;0;0;0;0;195849;191500
2016-06-01;Accounting & Finance;-912789;-1253139;799239010;747282789;183565960;378034;212040182;200043165;3865;3979;23;0;0;0;0;0;0;0;0;0;0;0;415880;252700
2016-07-01;Accounting & Finance;-1044365;-1038956;82082439;128388121;747282789;71098;173573418;209905061;3883;3924;23;1;0;0;0;0;1;0;0;0;0;0;200913;593400
2016-08-01;Accounting & Finance;-743137;-1149652;102544958;166777040;128388121;106220;183138748;210404141;3861;3915;22;1;0;0;0;0;0;0;0;0;0;0;1384736;272300
2016-09-01;Accounting & Finance;-297298;-786254;845728664;710651531;166777040;410872;255692284;217416522;3869;3926;23;0;0;0;0;0;0;0;0;0;0;0;1251040;932400
2016-10-01;Accounting & Finance;-750567;-1070967;132866095;216828601;710651531;180650;148370637;227800101;3896;3937;22;0;0;0;0;0;0;0;1;0;0;0;831670;415830
2016-11-01;Accounting & Finance;-1118333;-944308;268247772;320140870;216828601;128883;163775516;228695663;3927;3947;22;0;0;0;0;1;0;0;1;1;0;0;265902;920130
2016-12-01;Accounting & Finance;3579453;3896318;1750047410;1448079595;320140870;764609;325093986;238517313;3910;3967;24;0;0;0;0;0;0;1;1;2;0;-1;7335719;7250740
2017-01-01;Accounting & Finance;-1135162;-1107871;40365781;64238228;1448079595;33936;201254506;224033699;3927;3988;22;0;1;0;0;0;0;0;0;0;2;1;522955;318719.63
2017-02-01;Accounting & Finance;-1479743;-1104107;68832789;107529808;64238228;79259;201636879;225151773;3933;4008;22;0;0;1;0;0;0;0;0;0;1;0;51343;316728.97
2017-03-01;Accounting & Finance;-1280202;-1135537;504512562;530487130;107529808;251131;286669952;235646393;3939;4081;24;0;0;0;0;0;0;0;0;0;0;0;1239255;313000
2017-04-01;Accounting & Finance;-1249817;-1167723;90252233;102334782;530487130;81360;239144909;241250761;3940;4086;21;0;0;0;0;0;0;0;0;0;0;0;432204;380700.94
2017-05-01;Accounting & Finance;-1156135;-1162132;169766741;170606310;102334782;142244;268065748;246257996;3993;4112;23;0;0;0;1;0;0;0;0;0;0;0;378436;383990.66
2017-06-01;Accounting & Finance;-1233750;-1178184;804086364;797748287;170606310;530599;238145294;252521049;4027;4127;23;0;0;0;0;0;0;0;0;0;0;0;531523;384551.4
2017-07-01;Accounting & Finance;-1098653;-997148;119003465;102938453;797748287;72114;-43070987;259918389;4050;4149;22;1;0;0;0;0;1;0;0;0;0;0;277954;916294.39
2017-08-01;Accounting & Finance;-964224;-939169;85758581;162230830;102938453;170284;546498957;265045228;4057;4157;24;1;0;0;0;0;0;0;0;0;0;0;-487851;919341.12
2017-09-01;Accounting & Finance;-349524;-965482;841739860;776277119;162230830;518914;288859343;287432304;4090;4169;22;0;0;0;0;0;0;0;0;0;0;0;2451617;919341.12
2017-10-01;Accounting & Finance;-2149118;-1005511;102990789;195851310;776277119;112167;240059877;289556930;4112;4176;22;0;0;0;0;0;0;0;1;0;0;0;-377421;727392.52
2017-11-01;Accounting & Finance;-1080754;-988661;218269299;326141685;195851310;133497;198605815;285868572;4121;4183;23;0;0;0;0;1;0;0;1;1;0;0;328989;727392.52
2017-12-01;Accounting & Finance;4542916;4044527;1830267065;1515725261;326141685;1263148;386076913;305519192;4134;4182;22;0;0;0;0;0;0;1;1;2;0;-1;9587354;7328397.2
2018-01-01;Accounting & Finance;;-1247485;;71558716;1515725261;48618;;298474628;;4173;23;0;1;0;0;0;0;0;0;0;2;1;;415402.15
2018-02-01;Accounting & Finance;;-1361426;;107207094;71558716;68259;;302198146;;4189;21;0;0;1;0;0;0;0;0;0;1;0;;415532.99
2018-03-01;Accounting & Finance;;-1371948;;465761826;107207094;528189;;308294737;;4232;23;0;0;0;0;0;0;0;0;0;0;0;;411794.67
2018-04-01;Accounting & Finance;;-1235388;;113564715;465761826;83029;;328496722;;4276;21;0;0;0;0;0;0;0;0;0;0;0;;431186.26
2018-05-01;Accounting & Finance;;-1299188;;173205758;113564715;135014;;333506926;;4285;24;0;0;0;1;0;0;0;0;0;0;0;;433055.42
2018-06-01;Accounting & Finance;;-1117765;;778861102;173205758;856556;;333240092;;4285;22;0;0;0;0;0;0;0;0;0;0;0;;433055.42
2018-07-01;Accounting & Finance;;-1141322;;132164057;778861102;124008;;348404613;;4315;22;1;0;0;0;0;1;0;2;0;0;0;;453469.44
2018-08-01;Accounting & Finance;;-1096921;;197485325;132164057;139912;;353309463;;4324;24;1;0;0;0;0;0;0;2;0;0;0;;459273.18
2018-09-01;Accounting & Finance;;-1179564;;725787094;197485325;698292;;349901359;;4237;21;0;0;0;0;0;0;0;2;0;0;0;;459273.18
2018-10-01;Accounting & Finance;;-1100424;;249679506;725787094;139584;;374252372;;4263;23;0;0;0;0;0;0;0;2;0;0;0;;693315.05
2018-11-01;Accounting & Finance;;-1061340;;356584978;249679506;221449;;373446545;;4270;23;0;0;0;0;1;0;0;2;1;0;0;;693315.05
2018-12-01;Accounting & Finance;;4765784;;1451790767;356584978;1509753;;368847081;;4247;22;0;0;0;0;0;0;1;2;2;0;-1;;9976125.89
2013-01-01;HR;-325827;-447302;56135371;124301423;1337995596;0;2544767;3492697;954;1024;23;0;1;0;0;0;0;0;0;0;2;1;0;0
2013-02-01;HR;-604584;-451756;109923870;141323970;124301423;0;9594000;3565405;1027;1026;22;0;0;1;0;0;0;0;0;0;1;0;0;0
2013-03-01;HR;-643098;-456609;495455883;505884208;141323970;0;31419603;32497820;1037;1032;22;0;0;0;0;0;0;0;0;0;0;0;0;0
2013-04-01;HR;-704989;-450728;121294678;173255238;505884208;0;25883988;31726882;1068;1044;22;0;0;0;0;0;0;0;0;0;0;0;0;0
2013-05-01;HR;-505710;-477279;167236523;190136012;173255238;0;26791262;31987388;1088;1133;24;0;0;0;1;0;0;0;0;0;0;0;0;0
2013-06-01;HR;-533198;-451592;796005501;723702301;190136012;0;28436469;33838292;1091;1136;21;0;0;0;0;0;0;0;0;0;0;0;0;0
2013-07-01;HR;-404065;-434827;84712578;158975741;723702301;0;24347130;34567959;1107;1156;23;1;0;0;0;0;1;0;0;0;0;0;0;0
2013-08-01;HR;-278189;-468919;162433462;218701030;158975741;0;27763194;35036686;1107;1158;23;1;0;0;0;0;0;0;0;0;0;0;0;0
2013-09-01;HR;-460797;-428926;799799158;709134992;218701030;0;40335147;36802564;1099;1159;21;0;0;0;0;0;0;0;0;0;0;0;0;0
2013-10-01;HR;-469998;-411767;104458617;319036303;709134992;0;58674873;68965714;1153;1170;24;0;0;0;0;0;0;0;1;0;0;0;0;0
2013-11-01;HR;-556293;-428911;238325611;351753096;319036303;0;60260520;69367053;1148;1170;22;0;0;0;0;1;0;0;1;1;0;0;0;0
2013-12-01;HR;-1072515;-766924;1658323458;1440317825;351753096;0;68840070;73936506;1154;1162;22;0;0;0;0;0;0;1;1;2;0;-1;0;0
2014-01-01;HR;-459214;-394999;96042368;107658286;1440317825;32080;59798492;62548366;1166;1139;24;0;1;0;0;0;0;0;0;0;2;1;0;0
2014-02-01;HR;-596372;-396211;68047647;131812243;107658286;46168;61397454;62737184;1171;1139;21;0;0;1;0;0;0;0;0;0;1;0;0;0
2014-03-01;HR;-571723;-394210;521456586;507497721;131812243;191440;78692380;64371156;1172;1118;22;0;0;0;0;0;0;0;0;0;0;0;0;0
2014-04-01;HR;-305328;-435483;85623708;181568333;507497721;24840;66587633;64960370;1165;1132;23;0;0;0;0;0;0;0;0;0;0;0;0;0
2014-05-01;HR;-447935;-437815;139851562;221022557;181568333;64063;76710280;67173575;1150;1136;23;0;0;0;1;0;0;0;0;0;0;0;0;0
2014-06-01;HR;-515568;-435756;815698191;814556372;221022557;262758;73197175;69130310;1139;1136;21;0;0;0;0;0;0;0;0;0;0;0;0;0
2014-07-01;HR;-535430;-320202;117768497;167448497;814556372;49680;82786516;72696052;1137;1134;24;1;0;0;0;0;1;0;0;0;0;0;0;0
2014-08-01;HR;-224673;-320018;150633201;208941585;167448497;36726;77534517;73869545;1180;1180;22;1;0;0;0;0;0;0;0;0;0;0;0;0
2014-09-01;HR;-192627;-319318;778857502;812332252;208941585;351898;75372157;73869577;1191;1182;22;0;0;0;0;0;0;0;0;0;0;0;0;0
2014-10-01;HR;-343499;-519872;125167462;353416838;812332252;45323;84894967;83177049;1211;1221;24;0;0;0;0;0;0;0;1;0;0;0;0;0
2014-11-01;HR;-318675;-520431;179033942;419834716;353416838;144112;80664742;83203839;1231;1223;21;0;0;0;0;1;0;0;1;1;0;0;0;0
2014-12-01;HR;-834355;-519731;1744907872;1549912194;419834716;608613;92046823;83208839;1250;1236;23;0;0;0;0;0;0;1;1;2;0;-1;0;0
2015-01-01;HR;-355590;-414980;61646854;82772552;1549912194;11126;91564389;86978054;1257;1277;23;0;1;0;0;0;0;0;0;0;2;1;0;0
2015-02-01;HR;-365067;-423134;90691211;123095994;82772552;24412;83128334;87687967;1267;1277;20;0;0;1;0;0;0;0;0;0;1;0;0;0
2015-03-01;HR;-389043;-431791;521936867;501398404;123095994;140484;97753218;89972133;1263;1271;22;0;0;0;0;0;0;0;0;0;0;0;0;0
2015-04-01;HR;-469928;-450131;65245452;123806206;501398404;31290;91241856;92032158;1305;1317;23;0;0;0;0;0;0;0;0;0;0;0;0;0
2015-05-01;HR;-394529;-450329;114725143;193914631;123806206;39093;97212468;100351874;1289;1302;22;0;0;0;1;0;0;0;0;0;0;0;0;0
2015-06-01;HR;-495921;-485514;864427444;768686699;193914631;189106;109744527;101943957;1296;1280;22;0;0;0;0;0;0;0;0;0;0;0;0;0
2015-07-01;HR;-560748;-480627;84741993;136020657;768686699;57693;109179890;109718415;1281;1262;24;1;0;0;0;0;1;0;1;0;0;0;0;0
2015-08-01;HR;-588134;-492423;139325283;187145815;136020657;30623;106761250;110507661;1278;1245;22;1;0;0;0;0;0;0;1;0;0;0;0;0
2015-09-01;HR;-599470;-507564;789435615;766720815;187145815;244731;113098310;110308242;1291;1234;23;0;0;0;0;0;0;0;1;0;0;0;0;0
2015-10-01;HR;-563587;-504558;96125828;254354323;766720815;60834;109483438;127395339;1307;1243;23;0;0;0;0;0;0;0;1;0;0;0;0;0
2015-11-01;HR;-457710;-496522;211701241;368177971;254354323;67851;109086152;129737612;1311;1232;21;0;0;0;0;1;0;0;1;1;0;0;0;0
2015-12-01;HR;-1147099;-1005554;1647950929;1495469388;368177971;471049;187618476;179187114;1415;1225;24;0;0;0;0;0;0;1;1;2;0;-1;0;0
2016-01-01;HR;-893564;-559000;45475689;80116212;1495469388;21743;136583051;179506437;1402;1423;22;0;1;0;0;0;0;0;0;0;2;1;0;0
2016-02-01;HR;-550645;-560970;72094401;116648615;80116212;42274;200451025;179909922;1407;1430;20;0;0;1;0;0;0;0;0;0;1;0;0;0
2016-03-01;HR;-390800;-558417;563227187;497878088;116648615;252104;185177842;189695429;1404;1430;23;0;0;0;0;0;0;0;0;0;0;0;0;0
2016-04-01;HR;-668207;-522519;60312529;133557658;497878088;73172;172296918;193686921;1419;1451;23;0;0;0;0;0;0;0;0;0;0;0;0;0
2016-05-01;HR;-1157619;-846729;119052503;183565960;133557658;90979;177113092;194728146;1425;1446;22;0;0;0;1;0;0;0;0;0;0;0;0;0
2016-06-01;HR;-1060295;-1145027;799239010;747282789;183565960;378034;212040182;200043165;1427;1444;23;0;0;0;0;0;0;0;0;0;0;0;0;0
2016-07-01;HR;-567855;-1122029;82082439;128388121;747282789;71098;173573418;209905061;1447;1417;23;1;0;0;0;0;1;0;0;0;0;0;0;0
2016-08-01;HR;-424437;-485005;102544958;166777040;128388121;106220;183138748;210404141;1454;1417;22;1;0;0;0;0;0;0;0;0;0;0;0;0
2016-09-01;HR;-586794;-526526;845728664;710651531;166777040;410872;255692284;217416522;1456;1416;23;0;0;0;0;0;0;0;0;0;0;0;0;0
2016-10-01;HR;-644812;-519184;132866095;216828601;710651531;180650;148370637;227800101;1466;1413;22;0;0;0;0;0;0;0;1;0;0;0;0;0
2016-11-01;HR;-742687;-483710;268247772;320140870;216828601;128883;163775516;228695663;1483;1413;22;0;0;0;0;1;0;0;1;1;0;0;0;0
2016-12-01;HR;-918210;-988613;1750047410;1448079595;320140870;764609;325093986;238517313;1484;1413;24;0;0;0;0;0;0;1;1;2;0;-1;0;0
2017-01-01;HR;-660837;-577570;40365781;64238228;1448079595;33936;201254506;224033699;1502;1492;22;0;1;0;0;0;0;0;0;0;2;1;0;0
2017-02-01;HR;-607038;-580712;68832789;107529808;64238228;79259;201636879;225151773;1498;1490;22;0;0;1;0;0;0;0;0;0;1;0;0;0
2017-03-01;HR;-777093;-581244;504512562;530487130;107529808;251131;286669952;235646393;1505;1488;24;0;0;0;0;0;0;0;0;0;0;0;0;0
2017-04-01;HR;-861412;-564314;90252233;102334782;530487130;81360;239144909;241250761;1496;1497;21;0;0;0;0;0;0;0;0;0;0;0;0;0
2017-05-01;HR;-766372;-564547;169766741;170606310;102334782;142244;268065748;246257996;1496;1501;23;0;0;0;1;0;0;0;0;0;0;0;0;0
2017-06-01;HR;-989570;-558674;804086364;797748287;170606310;530599;238145294;252521049;1496;1505;23;0;0;0;0;0;0;0;0;0;0;0;0;0
2017-07-01;HR;-620727;-542324;119003465;102938453;797748287;72114;-43070987;259918389;1501;1503;22;1;0;0;0;0;1;0;0;0;0;0;0;0
2017-08-01;HR;-525798;-537418;85758581;162230830;102938453;170284;546498957;265045228;1496;1524;24;1;0;0;0;0;0;0;0;0;0;0;0;0
2017-09-01;HR;-763669;-559287;841739860;776277119;162230830;518914;288859343;287432304;1522;1524;22;0;0;0;0;0;0;0;0;0;0;0;0;0
2017-10-01;HR;-729471;-572087;102990789;195851310;776277119;112167;240059877;289556930;1526;1521;22;0;0;0;0;0;0;0;1;0;0;0;0;0
2017-11-01;HR;-500633;-571050;218269299;326141685;195851310;133497;198605815;285868572;1530;1517;23;0;0;0;0;1;0;0;1;1;0;0;0;0
2017-12-01;HR;-1218164;-1153529;1830267065;1515725261;326141685;1263148;386076913;305519192;1532;1515;22;0;0;0;0;0;0;1;1;2;0;-1;0;0
2018-01-01;HR;;-802083;;71558716;1515725261;48618;;298474628;;1555;23;0;1;0;0;0;0;0;0;0;2;1;;0
2018-02-01;HR;;-802083;;107207094;71558716;68259;;302198146;;1559;21;0;0;1;0;0;0;0;0;0;1;0;;0
2018-03-01;HR;;-816142;;465761826;107207094;528189;;308294737;;1563;23;0;0;0;0;0;0;0;0;0;0;0;;0
2018-04-01;HR;;-665013;;113564715;465761826;83029;;328496722;;1576;21;0;0;0;0;0;0;0;0;0;0;0;;0
2018-05-01;HR;;-664618;;173205758;113564715;135014;;333506926;;1574;24;0;0;0;1;0;0;0;0;0;0;0;;0
2018-06-01;HR;;-697513;;778861102;173205758;856556;;333240092;;1574;22;0;0;0;0;0;0;0;0;0;0;0;;0
2018-07-01;HR;;-639276;;132164057;778861102;124008;;348404613;;1583;22;1;0;0;0;0;1;0;2;0;0;0;;0
2018-08-01;HR;;-637690;;197485325;132164057;139912;;353309463;;1593;24;1;0;0;0;0;0;0;2;0;0;0;;0
2018-09-01;HR;;-610594;;725787094;197485325;698292;;349901359;;1598;21;0;0;0;0;0;0;0;2;0;0;0;;0
2018-10-01;HR;;-561862;;249679506;725787094;139584;;374252372;;1602;23;0;0;0;0;0;0;0;2;0;0;0;;0
2018-11-01;HR;;-562862;;356584978;249679506;221449;;373446545;;1602;23;0;0;0;0;1;0;0;2;1;0;0;;0
2018-12-01;HR;;-1163731;;1451790767;356584978;1509753;;368847081;;1602;22;0;0;0;0;0;0;1;2;2;0;-1;;0
2013-01-01;Cloud Services;-2107614;-1708668;0;0;0;0;0;0;2924;3241;23;0;1;0;0;0;0;0;0;0;2;1;0;0
2013-02-01;Cloud Services;-2639124;-1747527;0;0;0;0;0;0;3422;2639;22;0;0;1;0;0;0;0;0;0;1;0;0;0
2013-03-01;Cloud Services;-1011154;-2886580;0;0;0;0;0;0;3427;4355;22;0;0;0;0;0;0;0;0;0;0;0;0;0
2013-04-01;Cloud Services;-2323928;-3347492;0;0;0;0;0;0;3500;4517;22;0;0;0;0;0;0;0;0;0;0;0;0;0
2013-05-01;Cloud Services;-2340728;-3454214;0;0;0;0;0;0;3796;4471;24;0;0;0;1;0;0;0;0;0;0;0;0;0
2013-06-01;Cloud Services;-2629542;-3976749;0;0;0;0;0;0;3950;4670;21;0;0;0;0;0;0;0;0;0;0;0;0;0
2013-07-01;Cloud Services;-2234388;-3571904;0;0;0;0;0;0;3967;4742;23;1;0;0;0;0;1;0;0;0;0;0;0;0
2013-08-01;Cloud Services;-1899637;-3614562;0;0;0;0;0;0;3990;4721;23;1;0;0;0;0;0;0;0;0;0;0;0;0
2013-09-01;Cloud Services;-2505043;-3634712;0;0;0;0;0;0;3913;4750;21;0;0;0;0;0;0;0;0;0;0;0;0;0
2013-10-01;Cloud Services;-4923441;-4414871;0;0;0;0;0;0;6387;4890;24;0;0;0;0;0;0;0;1;0;0;0;0;0
2013-11-01;Cloud Services;-4544632;-4390184;0;0;0;0;0;0;6529;5194;22;0;0;0;0;1;0;0;1;1;0;0;0;0
2013-12-01;Cloud Services;-4066934;-4362584;0;0;0;0;0;0;6568;4923;22;0;0;0;0;0;0;1;1;2;0;-1;0;0
2014-01-01;Cloud Services;-4003304;-3486209;0;0;0;0;0;0;6616;4742;24;0;1;0;0;0;0;0;0;0;2;1;0;0
2014-02-01;Cloud Services;-4447098;-3626952;0;0;0;0;0;0;6651;4771;21;0;0;1;0;0;0;0;0;0;1;0;0;0
2014-03-01;Cloud Services;-4539961;-3808622;0;0;0;0;0;0;6616;4787;22;0;0;0;0;0;0;0;0;0;0;0;0;0
2014-04-01;Cloud Services;-4286171;-3519868;0;0;0;0;0;0;6713;5160;23;0;0;0;0;0;0;0;0;0;0;0;0;0
2014-05-01;Cloud Services;-5257031;-3464517;0;0;0;0;0;0;6764;5173;23;0;0;0;1;0;0;0;0;0;0;0;0;0
2014-06-01;Cloud Services;-5437912;-3455951;0;0;0;0;0;0;6809;5152;21;0;0;0;0;0;0;0;0;0;0;0;0;0
2014-07-01;Cloud Services;-6354983;-3066824;0;0;0;0;0;0;6786;5348;24;1;0;0;0;0;1;0;0;0;0;0;0;0
2014-08-01;Cloud Services;-4958431;-3571370;0;0;0;0;0;0;7439;6097;22;1;0;0;0;0;0;0;0;0;0;0;0;0
2014-09-01;Cloud Services;-4688226;-4032373;0;0;0;0;0;0;7487;6173;22;0;0;0;0;0;0;0;0;0;0;0;0;0
2014-10-01;Cloud Services;-5963211;-4018714;0;0;0;0;0;0;7495;6166;24;0;0;0;0;0;0;0;1;0;0;0;0;0
2014-11-01;Cloud Services;-5773627;-4047186;0;0;0;0;0;0;7711;6400;21;0;0;0;0;1;0;0;1;1;0;0;0;0
2014-12-01;Cloud Services;-6222629;-4083084;0;0;0;0;0;0;7714;6436;23;0;0;0;0;0;0;1;1;2;0;-1;0;0
2015-01-01;Cloud Services;-3975484;-6699166;0;0;0;0;0;0;7693;7554;23;0;1;0;0;0;0;0;0;0;2;1;0;0
2015-02-01;Cloud Services;-6049383;-6873050;0;0;0;0;0;0;7721;7559;20;0;0;1;0;0;0;0;0;0;1;0;0;0
2015-03-01;Cloud Services;-5918936;-7238931;0;0;0;0;0;0;7728;7827;22;0;0;0;0;0;0;0;0;0;0;0;0;0
2015-04-01;Cloud Services;-5814254;-6584509;0;0;0;0;0;0;7797;7741;23;0;0;0;0;0;0;0;0;0;0;0;0;0
2015-05-01;Cloud Services;-7643327;-6846440;0;0;0;0;0;0;8159;8267;22;0;0;0;1;0;0;0;0;0;0;0;0;0
2015-06-01;Cloud Services;-7038041;-8069234;0;0;0;0;0;0;8283;8355;22;0;0;0;0;0;0;0;0;0;0;0;0;0
2015-07-01;Cloud Services;-5875399;-6758563;0;0;0;0;0;0;8335;8480;24;1;0;0;0;0;1;0;1;0;0;0;0;0
2015-08-01;Cloud Services;-5733591;-6572077;0;0;0;0;0;0;8437;8564;22;1;0;0;0;0;0;0;1;0;0;0;0;0
2015-09-01;Cloud Services;-8002835;-7511825;0;0;0;0;0;0;8517;8854;23;0;0;0;0;0;0;0;1;0;0;0;0;0
2015-10-01;Cloud Services;-7313884;-7001199;0;0;0;0;0;0;8571;8930;23;0;0;0;0;0;0;0;1;0;0;0;0;0
2015-11-01;Cloud Services;-6262285;-7070956;0;0;0;0;0;0;8588;8938;21;0;0;0;0;1;0;0;1;1;0;0;0;0
2015-12-01;Cloud Services;-9445043;-9587551;0;0;0;0;0;0;13348;14041;24;0;0;0;0;0;0;1;1;2;0;-1;0;0
2016-01-01;Cloud Services;-8273863;-9160731;0;0;0;0;0;0;13396;13651;22;0;1;0;0;0;0;0;0;0;2;1;0;0
2016-02-01;Cloud Services;-10450649;-9149525;0;0;0;0;0;0;13517;13815;20;0;0;1;0;0;0;0;0;0;1;0;0;0
2016-03-01;Cloud Services;-11576113;-9274145;0;0;0;0;0;0;13663;13977;23;0;0;0;0;0;0;0;0;0;0;0;0;0
2016-04-01;Cloud Services;-12450905;-9701054;0;0;0;0;0;0;13791;14275;23;0;0;0;0;0;0;0;0;0;0;0;0;0
2016-05-01;Cloud Services;-14353705;-9761262;0;0;0;0;0;0;13926;14431;22;0;0;0;1;0;0;0;0;0;0;0;0;0
2016-06-01;Cloud Services;-12569205;-9853579;0;0;0;0;0;0;14122;14666;23;0;0;0;0;0;0;0;0;0;0;0;0;0
2016-07-01;Cloud Services;-10246218;-10161210;0;0;0;0;0;0;14449;15004;23;1;0;0;0;0;1;0;0;0;0;0;0;0
2016-08-01;Cloud Services;-9116103;-10394574;0;0;0;0;0;0;14706;15144;22;1;0;0;0;0;0;0;0;0;0;0;0;0
2016-09-01;Cloud Services;-9524117;-10204630;0;0;0;0;0;0;14988;15256;23;0;0;0;0;0;0;0;0;0;0;0;0;0
2016-10-01;Cloud Services;-9417913;-10192712;0;0;0;0;0;0;15307;15589;22;0;0;0;0;0;0;0;1;0;0;0;0;0
2016-11-01;Cloud Services;-10204493;-10228424;0;0;0;0;0;0;15589;15732;22;0;0;0;0;1;0;0;1;1;0;0;0;0
2016-12-01;Cloud Services;-3245268;-10367151;0;0;0;0;0;0;15771;15879;24;0;0;0;0;0;0;1;1;2;0;-1;0;0
2017-01-01;Cloud Services;-9040169;-11362464;0;0;0;0;0;0;15996;16379;22;0;1;0;0;0;0;0;0;0;2;1;0;0
2017-02-01;Cloud Services;-11354132;-12924211;0;0;0;0;0;0;16280;16761;22;0;0;1;0;0;0;0;0;0;1;0;0;0
2017-03-01;Cloud Services;-13996113;-13402591;0;0;0;0;0;0;16474;17098;24;0;0;0;0;0;0;0;0;0;0;0;0;0
2017-04-01;Cloud Services;-11492792;-12152039;0;0;0;0;0;0;16649;17395;21;0;0;0;0;0;0;0;0;0;0;0;0;0
2017-05-01;Cloud Services;-11504300;-12274041;0;0;0;0;0;0;16904;17621;23;0;0;0;1;0;0;0;0;0;0;0;0;0
2017-06-01;Cloud Services;-13112465;-13590574;0;0;0;0;0;0;17204;17845;23;0;0;0;0;0;0;0;0;0;0;0;0;0
2017-07-01;Cloud Services;-10667055;-11434716;0;0;0;0;0;0;17452;18074;22;1;0;0;0;0;1;0;0;0;0;0;0;0
2017-08-01;Cloud Services;-11307815;-11481383;0;0;0;0;0;0;17693;18309;24;1;0;0;0;0;0;0;0;0;0;0;0;0
2017-09-01;Cloud Services;-11077453;-13282793;0;0;0;0;0;0;17941;18546;22;0;0;0;0;0;0;0;0;0;0;0;0;0
2017-10-01;Cloud Services;-12565873;-12355188;0;0;0;0;0;0;18202;18679;22;0;0;0;0;0;0;0;1;0;0;0;0;0
2017-11-01;Cloud Services;-11080650;-12433924;0;0;0;0;0;0;18393;18906;23;0;0;0;0;1;0;0;1;1;0;0;0;0
2017-12-01;Cloud Services;-9785006;-13016112;0;0;0;0;0;0;18526;19057;22;0;0;0;0;0;0;1;1;2;0;-1;0;0
2018-01-01;Cloud Services;;-11250076;;0;0;0;;0;;18854;23;0;1;0;0;0;0;0;0;0;2;1;;0
2018-02-01;Cloud Services;;-11420421;;0;0;0;;0;;19103;21;0;0;1;0;0;0;0;0;0;1;0;;0
2018-03-01;Cloud Services;;-13181213;;0;0;0;;0;;19409;23;0;0;0;0;0;0;0;0;0;0;0;;0
2018-04-01;Cloud Services;;-12057426;;0;0;0;;0;;19725;21;0;0;0;0;0;0;0;0;0;0;0;;0
2018-05-01;Cloud Services;;-12035886;;0;0;0;;0;;20001;24;0;0;0;1;0;0;0;0;0;0;0;;0
2018-06-01;Cloud Services;;-12787663;;0;0;0;;0;;20346;22;0;0;0;0;0;0;0;0;0;0;0;;0
2018-07-01;Cloud Services;;-11672558;;0;0;0;;0;;20515;22;1;0;0;0;0;1;0;2;0;0;0;;0
2018-08-01;Cloud Services;;-11710380;;0;0;0;;0;;20283;24;1;0;0;0;0;0;0;2;0;0;0;;0
2018-09-01;Cloud Services;;-13549532;;0;0;0;;0;;20067;21;0;0;0;0;0;0;0;2;0;0;0;;0
2018-10-01;Cloud Services;;-11738953;;0;0;0;;0;;19982;23;0;0;0;0;0;0;0;2;0;0;0;;0
2018-11-01;Cloud Services;;-11814810;;0;0;0;;0;;19901;23;0;0;0;0;1;0;0;2;1;0;0;;0
2018-12-01;Cloud Services;;-13616450;;0;0;0;;0;;20091;22;0;0;0;0;0;0;1;2;2;0;-1;;0
2013-01-01;Consulting;-15089463;-19322395;3781580;7562980;0;0;0;0;17171;18922;23;0;1;0;0;0;0;0;0;0;2;1;0;0
2013-02-01;Consulting;-20373795;-20571862;7006545;10823863;0;0;0;0;17744;19362;22;0;0;1;0;0;0;0;0;0;1;0;0;0
2013-03-01;Consulting;-22820527;-20451241;36403492;55416586;0;0;0;0;17882;19456;22;0;0;0;0;0;0;0;0;0;0;0;0;0
2013-04-01;Consulting;-19824517;-20464309;18619447;5013628;0;0;0;0;18011;19715;22;0;0;0;0;0;0;0;0;0;0;0;0;0
2013-05-01;Consulting;-19920678;-21419214;8330303;5960163;0;0;0;0;17932;19756;24;0;0;0;1;0;0;0;0;0;0;0;0;0
2013-06-01;Consulting;-19842777;-21544216;39679299;48700752;0;0;0;0;17959;19903;21;0;0;0;0;0;0;0;0;0;0;0;0;0
2013-07-01;Consulting;-19012806;-24722659;5922624;3827233;0;0;0;0;17938;20041;23;1;0;0;0;0;1;0;0;0;0;0;0;0
2013-08-01;Consulting;-18934209;-21021518;8173442;8795045;0;0;0;0;17861;20062;23;1;0;0;0;0;0;0;0;0;0;0;0;0
2013-09-01;Consulting;-19853254;-21775528;28134543;45170124;0;0;0;0;17820;20136;21;0;0;0;0;0;0;0;0;0;0;0;0;0
2013-10-01;Consulting;-22771574;-23602442;5831168;3608497;0;0;0;0;17850;20128;24;0;0;0;0;0;0;0;1;0;0;0;0;0
2013-11-01;Consulting;-20344771;-22530621;5424723;7729808;0;0;0;0;17859;20150;22;0;0;0;0;1;0;0;1;1;0;0;0;0
2013-12-01;Consulting;-17474709;-22220578;40399986;77725605;0;0;0;0;17878;20169;22;0;0;0;0;0;0;1;1;2;0;-1;0;0
2014-01-01;Consulting;-15542452;-20536692;4902717;6381438;0;0;0;0;17708;18975;24;0;1;0;0;0;0;0;0;0;2;1;0;0
2014-02-01;Consulting;-18355770;-22008203;3725349;6330119;0;0;0;0;17743;19030;21;0;0;1;0;0;0;0;0;0;1;0;0;0
2014-03-01;Consulting;-20234073;-23624256;25562097;34424764;0;0;0;0;17738;19145;22;0;0;0;0;0;0;0;0;0;0;0;0;0
2014-04-01;Consulting;-19940154;-22172017;4057842;7931063;0;0;0;0;17745;19371;23;0;0;0;0;0;0;0;0;0;0;0;0;0
2014-05-01;Consulting;-20870780;-22133183;6424169;7399658;0;0;0;0;17726;19513;23;0;0;0;1;0;0;0;0;0;0;0;0;0
2014-06-01;Consulting;-19941853;-23184195;42164501;37258060;0;0;0;0;17760;19543;21;0;0;0;0;0;0;0;0;0;0;0;0;0
2014-07-01;Consulting;-19559747;-22694439;6447964;8476834;0;0;0;0;17726;19761;24;1;0;0;0;0;1;0;0;0;0;0;0;0
2014-08-01;Consulting;-18252984;-21566192;5615610;9034085;0;0;0;0;17705;19825;22;1;0;0;0;0;0;0;0;0;0;0;0;0
2014-09-01;Consulting;-19753859;-23682731;45127622;34756688;0;0;0;0;17793;19849;22;0;0;0;0;0;0;0;0;0;0;0;0;0
2014-10-01;Consulting;-21827670;-24495853;8891352;12734316;0;0;0;0;17923;20113;24;0;0;0;0;0;0;0;1;0;0;0;0;0
2014-11-01;Consulting;-20299345;-24371380;4964827;13457668;0;0;0;0;18112;20221;21;0;0;0;0;1;0;0;1;1;0;0;0;0
2014-12-01;Consulting;-19042812;-22982058;53234336;77871545;0;0;0;0;18220;20229;23;0;0;0;0;0;0;1;1;2;0;-1;0;0
2015-01-01;Consulting;-15656656;-21125278;311704;5602033;0;0;0;0;18186;19583;23;0;1;0;0;0;0;0;0;0;2;1;0;0
2015-02-01;Consulting;-19399001;-20789422;205441;6596038;0;0;0;0;18132;19623;20;0;0;1;0;0;0;0;0;0;1;0;0;0
2015-03-01;Consulting;-21660758;-21821643;48435;42510434;0;0;0;0;18095;19608;22;0;0;0;0;0;0;0;0;0;0;0;0;0
2015-04-01;Consulting;-19534796;-23294383;6604;6426709;0;0;0;0;18037;19781;23;0;0;0;0;0;0;0;0;0;0;0;0;0
2015-05-01;Consulting;-20492276;-23582346;75397;9179973;0;0;0;0;18005;19847;22;0;0;0;1;0;0;0;0;0;0;0;0;0
2015-06-01;Consulting;-21674247;-24667919;206905;59607424;0;0;0;0;18015;19857;22;0;0;0;0;0;0;0;0;0;0;0;0;0
2015-07-01;Consulting;-20433981;-22606499;104594;6912243;0;0;0;0;18148;19961;24;1;0;0;0;0;1;0;1;0;0;0;0;0
2015-08-01;Consulting;-17843391;-22238789;454136;8992340;0;0;0;0;18072;19965;22;1;0;0;0;0;0;0;1;0;0;0;0;0
2015-09-01;Consulting;-21376019;-24198483;-45931;76625428;0;0;0;0;18176;20001;23;0;0;0;0;0;0;0;1;0;0;0;0;0
2015-10-01;Consulting;-22187602;-23828080;-119111;8696431;0;0;0;0;18286;20121;23;0;0;0;0;0;0;0;1;0;0;0;0;0
2015-11-01;Consulting;-20817136;-23546687;79509;11447090;0;0;0;0;18361;20193;21;0;0;0;0;1;0;0;1;1;0;0;0;0
2015-12-01;Consulting;-19836938;-23790003;2441583;120967915;0;0;0;0;18350;20244;24;0;0;0;0;0;0;1;1;2;0;-1;0;0
2016-01-01;Consulting;-17314586;-18723183;-823988;0;0;0;0;0;18305;18368;22;0;1;0;0;0;0;0;0;0;2;1;0;0
2016-02-01;Consulting;-20827030;-19196742;406017;0;0;0;0;0;18259;18395;20;0;0;1;0;0;0;0;0;0;1;0;0;0
2016-03-01;Consulting;-22253051;-20232721;499539;-307;0;0;0;0;18216;18446;23;0;0;0;0;0;0;0;0;0;0;0;0;0
2016-04-01;Consulting;-22026615;-21225256;-122367;0;0;0;0;0;18009;18082;23;0;0;0;0;0;0;0;0;0;0;0;0;0
2016-05-01;Consulting;-18568427;-20681936;141389;0;0;0;0;0;18003;18107;22;0;0;0;1;0;0;0;0;0;0;0;0;0
2016-06-01;Consulting;-20477866;-21553169;484251;254;0;0;0;0;17975;18065;23;0;0;0;0;0;0;0;0;0;0;0;0;0
2016-07-01;Consulting;-19905397;-21209902;53173;0;0;0;0;0;17968;17991;23;1;0;0;0;0;1;0;0;0;0;0;0;0
2016-08-01;Consulting;-17135355;-20795175;95093;0;0;0;0;0;17897;18075;22;1;0;0;0;0;0;0;0;0;0;0;0;0
2016-09-01;Consulting;-19362533;-21334108;-583383;38;0;0;0;0;17708;18117;23;0;0;0;0;0;0;0;0;0;0;0;0;0
2016-10-01;Consulting;-20149660;-22096212;12659;0;0;0;0;0;17651;17948;22;0;0;0;0;0;0;0;1;0;0;0;0;0
2016-11-01;Consulting;-19215931;-21329516;287028;0;0;0;0;0;17636;18020;22;0;0;0;0;1;0;0;1;1;0;0;0;0
2016-12-01;Consulting;-20066363;-21810878;-267259;68;0;0;0;0;17589;18023;24;0;0;0;0;0;0;1;1;2;0;-1;0;0
2017-01-01;Consulting;-17542154;-19259387;108034;0;0;0;0;0;17659;17798;22;0;1;0;0;0;0;0;0;0;2;1;0;0
2017-02-01;Consulting;-17444484;-20865192;310173;0;0;0;0;0;17702;17919;22;0;0;1;0;0;0;0;0;0;1;0;0;0
2017-03-01;Consulting;-23071055;-22204289;-382602;0;0;0;0;0;17690;18024;24;0;0;0;0;0;0;0;0;0;0;0;0;0
2017-04-01;Consulting;-19188648;-22980181;0;0;0;0;0;0;17642;18169;21;0;0;0;0;0;0;0;0;0;0;0;0;0
2017-05-01;Consulting;-17791412;-21269863;-210711;0;0;0;0;0;17673;18353;23;0;0;0;1;0;0;0;0;0;0;0;0;0
2017-06-01;Consulting;-19083778;-22973436;282892;0;0;0;0;0;17740;18496;23;0;0;0;0;0;0;0;0;0;0;0;0;0
2017-07-01;Consulting;-18049058;-21646091;37718;0;0;0;0;0;17849;18631;22;1;0;0;0;0;1;0;0;0;0;0;0;0
2017-08-01;Consulting;-17739827;-21672805;55766;0;0;0;0;0;17893;18751;24;1;0;0;0;0;0;0;0;0;0;0;0;0
2017-09-01;Consulting;-18498443;-22403972;31456;0;0;0;0;0;18121;18870;22;0;0;0;0;0;0;0;0;0;0;0;0;0
2017-10-01;Consulting;-19503272;-24878655;-116257;0;0;0;0;0;18300;18976;22;0;0;0;0;0;0;0;1;0;0;0;0;0
2017-11-01;Consulting;-18286514;-23643709;-47356;0;0;0;0;0;18414;19072;23;0;0;0;0;1;0;0;1;1;0;0;0;0
2017-12-01;Consulting;-19287691;-24137062;272822;0;0;0;0;0;18495;19167;22;0;0;0;0;0;0;1;1;2;0;-1;0;0
2018-01-01;Consulting;;-18525346;;0;0;0;;0;;18566;23;0;1;0;0;0;0;0;0;0;2;1;;0
2018-02-01;Consulting;;-19426283;;0;0;0;;0;;18569;21;0;0;1;0;0;0;0;0;0;1;0;;0
2018-03-01;Consulting;;-21580165;;0;0;0;;0;;18530;23;0;0;0;0;0;0;0;0;0;0;0;;0
2018-04-01;Consulting;;-17877204;;0;0;0;;0;;18614;21;0;0;0;0;0;0;0;0;0;0;0;;0
2018-05-01;Consulting;;-17476461;;0;0;0;;0;;18581;24;0;0;0;1;0;0;0;0;0;0;0;;0
2018-06-01;Consulting;;-17159015;;0;0;0;;0;;18581;22;0;0;0;0;0;0;0;0;0;0;0;;0
2018-07-01;Consulting;;-17097774;;0;0;0;;0;;18690;22;1;0;0;0;0;1;0;2;0;0;0;;0
2018-08-01;Consulting;;-16915406;;0;0;0;;0;;18707;24;1;0;0;0;0;0;0;2;0;0;0;;0
2018-09-01;Consulting;;-16387430;;0;0;0;;0;;18722;21;0;0;0;0;0;0;0;2;0;0;0;;0
2018-10-01;Consulting;;-19944232;;0;0;0;;0;;18610;23;0;0;0;0;0;0;0;2;0;0;0;;0
2018-11-01;Consulting;;-19248502;;0;0;0;;0;;18470;23;0;0;0;0;1;0;0;2;1;0;0;;0
2018-12-01;Consulting;;-18106387;;0;0;0;;0;;18326;22;0;0;0;0;0;0;1;2;2;0;-1;;0
2013-01-01;Operations;-1024009;-747974;56135371;124301423;0;0;2544767;3492697;2647;2114;23;0;1;0;0;0;0;0;0;0;2;1;0;0
2013-02-01;Operations;-1703622;-774831;109923870;141323970;0;0;9594000;3565405;2682;2151;22;0;0;1;0;0;0;0;0;0;1;0;0;0
2013-03-01;Operations;-1562076;-771708;495455883;505884208;0;0;31419603;32497820;2692;2149;22;0;0;0;0;0;0;0;0;0;0;0;0;0
2013-04-01;Operations;-1392980;-782780;121294678;173255238;0;0;25883988;31726882;2707;2209;22;0;0;0;0;0;0;0;0;0;0;0;0;0
2013-05-01;Operations;-1015463;-797845;167236523;190136012;0;0;26791262;31987388;2712;2216;24;0;0;0;1;0;0;0;0;0;0;0;0;0
2013-06-01;Operations;-875061;-802675;796005501;723702301;0;0;28436469;33838292;2694;2231;21;0;0;0;0;0;0;0;0;0;0;0;0;0
2013-07-01;Operations;-783720;-696871;84712578;158975741;0;0;24347130;34567959;2758;2194;23;1;0;0;0;0;1;0;0;0;0;0;0;0
2013-08-01;Operations;-669380;-687444;162433462;218701030;0;0;27763194;35036686;2825;2204;23;1;0;0;0;0;0;0;0;0;0;0;0;0
2013-09-01;Operations;-829094;-675945;799799158;709134992;0;0;40335147;36802564;2851;2230;21;0;0;0;0;0;0;0;0;0;0;0;0;0
2013-10-01;Operations;-1008268;-690568;104458617;319036303;0;0;58674873;68965714;2895;2222;24;0;0;0;0;0;0;0;1;0;0;0;0;0
2013-11-01;Operations;-962705;-714686;238325611;351753096;0;0;60260520;69367053;2909;2282;22;0;0;0;0;1;0;0;1;1;0;0;0;0
2013-12-01;Operations;-891157;-706286;1658323458;1440317825;0;0;68840070;73936506;2927;2293;22;0;0;0;0;0;0;1;1;2;0;-1;0;0
2014-01-01;Operations;-1021195;-946335;96042368;107658286;0;32080;59798492;62548366;2995;2511;24;0;1;0;0;0;0;0;0;0;2;1;0;0
2014-02-01;Operations;-1198608;-1075796;68047647;131812243;0;46168;61397454;62737184;2994;2529;21;0;0;1;0;0;0;0;0;0;1;0;0;0
2014-03-01;Operations;-1300861;-1102045;521456586;507497721;0;191440;78692380;64371156;2981;2536;22;0;0;0;0;0;0;0;0;0;0;0;0;0
2014-04-01;Operations;-1191087;-1223464;85623708;181568333;0;24840;66587633;64960370;3004;2591;23;0;0;0;0;0;0;0;0;0;0;0;0;0
2014-05-01;Operations;-1159495;-1148501;139851562;221022557;0;64063;76710280;67173575;3029;2615;23;0;0;0;1;0;0;0;0;0;0;0;0;0
2014-06-01;Operations;-1289176;-1158428;815698191;814556372;0;262758;73197175;69130310;3013;2621;21;0;0;0;0;0;0;0;0;0;0;0;0;0
2014-07-01;Operations;-1232497;-1063184;117768497;167448497;0;49680;82786516;72696052;3072;2631;24;1;0;0;0;0;1;0;0;0;0;0;0;0
2014-08-01;Operations;-967094;-1074450;150633201;208941585;0;36726;77534517;73869545;3156;2641;22;1;0;0;0;0;0;0;0;0;0;0;0;0
2014-09-01;Operations;-817575;-1052675;778857502;812332252;0;351898;75372157;73869577;3180;2533;22;0;0;0;0;0;0;0;0;0;0;0;0;0
2014-10-01;Operations;-1004718;-1135034;125167462;353416838;0;45323;84894967;83177049;3171;2532;24;0;0;0;0;0;0;0;1;0;0;0;0;0
2014-11-01;Operations;-1064308;-1151150;179033942;419834716;0;144112;80664742;83203839;3142;2526;21;0;0;0;0;1;0;0;1;1;0;0;0;0
2014-12-01;Operations;-1042720;-1119248;1744907872;1549912194;0;608613;92046823;83208839;3151;2526;23;0;0;0;0;0;0;1;1;2;0;-1;0;0
2015-01-01;Operations;-1067049;-1188674;61646854;82772552;0;11126;91564389;86978054;3308;3464;23;0;1;0;0;0;0;0;0;0;2;1;0;0
2015-02-01;Operations;-1516371;-1269970;90691211;123095994;0;24412;83128334;87687967;3289;3460;20;0;0;1;0;0;0;0;0;0;1;0;0;0
2015-03-01;Operations;-1935928;-1440312;521936867;501398404;0;140484;97753218;89972133;3299;3738;22;0;0;0;0;0;0;0;0;0;0;0;0;0
2015-04-01;Operations;-1475961;-1432175;65245452;123806206;0;31290;91241856;92032158;3324;3723;23;0;0;0;0;0;0;0;0;0;0;0;0;0
2015-05-01;Operations;-1692574;-1399853;114725143;193914631;0;39093;97212468;100351874;3347;3726;22;0;0;0;1;0;0;0;0;0;0;0;0;0
2015-06-01;Operations;-1815978;-1501886;864427444;768686699;0;189106;109744527;101943957;3467;3779;22;0;0;0;0;0;0;0;0;0;0;0;0;0
2015-07-01;Operations;-1524532;-1414449;84741993;136020657;0;57693;109179890;109718415;3477;3705;24;1;0;0;0;0;1;0;1;0;0;0;0;0
2015-08-01;Operations;-1625710;-1374730;139325283;187145815;0;30623;106761250;110507661;3559;3789;22;1;0;0;0;0;0;0;1;0;0;0;0;0
2015-09-01;Operations;-1472075;-1472602;789435615;766720815;0;244731;113098310;110308242;3539;3774;23;0;0;0;0;0;0;0;1;0;0;0;0;0
2015-10-01;Operations;-1498466;-1374512;96125828;254354323;0;60834;109483438;127395339;3534;3736;23;0;0;0;0;0;0;0;1;0;0;0;0;0
2015-11-01;Operations;-1451166;-1370985;211701241;368177971;0;67851;109086152;129737612;3528;3727;21;0;0;0;0;1;0;0;1;1;0;0;0;0
2015-12-01;Operations;-1282760;-1474825;1647950929;1495469388;0;471049;187618476;179187114;3650;3699;24;0;0;0;0;0;0;1;1;2;0;-1;0;0
2016-01-01;Operations;-1961373;-1357922;45475689;80116212;0;21743;136583051;179506437;3540;3632;22;0;1;0;0;0;0;0;0;0;2;1;0;0
2016-02-01;Operations;-1658164;-1554641;72094401;116648615;0;42274;200451025;179909922;3668;3739;20;0;0;1;0;0;0;0;0;0;1;0;0;0
2016-03-01;Operations;-1909875;-1699167;563227187;497878088;0;252104;185177842;189695429;3664;3755;23;0;0;0;0;0;0;0;0;0;0;0;0;0
2016-04-01;Operations;-1653976;-1485570;60312529;133557658;0;73172;172296918;193686921;3663;3715;23;0;0;0;0;0;0;0;0;0;0;0;0;0
2016-05-01;Operations;-1626026;-1374718;119052503;183565960;0;90979;177113092;194728146;3577;3695;22;0;0;0;1;0;0;0;0;0;0;0;0;0
2016-06-01;Operations;-1663391;-1516198;799239010;747282789;0;378034;212040182;200043165;3561;3888;23;0;0;0;0;0;0;0;0;0;0;0;0;0
2016-07-01;Operations;-955852;-1436346;82082439;128388121;0;71098;173573418;209905061;3555;3773;23;1;0;0;0;0;1;0;0;0;0;0;0;0
2016-08-01;Operations;-1063032;-1359252;102544958;166777040;0;106220;183138748;210404141;3600;3764;22;1;0;0;0;0;0;0;0;0;0;0;0;0
2016-09-01;Operations;-1126353;-1404293;845728664;710651531;0;410872;255692284;217416522;3626;3786;23;0;0;0;0;0;0;0;0;0;0;0;0;0
2016-10-01;Operations;-1291682;-1580080;132866095;216828601;0;180650;148370637;227800101;3658;3779;22;0;0;0;0;0;0;0;1;0;0;0;0;0
2016-11-01;Operations;-1271694;-1348193;268247772;320140870;0;128883;163775516;228695663;3671;3787;22;0;0;0;0;1;0;0;1;1;0;0;0;0
2016-12-01;Operations;-1030383;-1360627;1750047410;1448079595;0;764609;325093986;238517313;3684;3771;24;0;0;0;0;0;0;1;1;2;0;-1;0;0
2017-01-01;Operations;-1414905;-1347120;40365781;64238228;0;33936;201254506;224033699;3630;3460;22;0;1;0;0;0;0;0;0;0;2;1;0;0
2017-02-01;Operations;-1391326;-1437020;68832789;107529808;0;79259;201636879;225151773;3643;3512;22;0;0;1;0;0;0;0;0;0;1;0;0;0
2017-03-01;Operations;-1737109;-1386893;504512562;530487130;0;251131;286669952;235646393;3656;3521;24;0;0;0;0;0;0;0;0;0;0;0;0;0
2017-04-01;Operations;-1836225;-1293645;90252233;102334782;0;81360;239144909;241250761;3663;3519;21;0;0;0;0;0;0;0;0;0;0;0;0;0
2017-05-01;Operations;-1336006;-1311519;169766741;170606310;0;142244;268065748;246257996;3640;3537;23;0;0;0;1;0;0;0;0;0;0;0;0;0
2017-06-01;Operations;-1607165;-1809534;804086364;797748287;0;530599;238145294;252521049;3751;3641;23;0;0;0;0;0;0;0;0;0;0;0;0;0
2017-07-01;Operations;-1643200;-1683808;119003465;102938453;0;72114;-43070987;259918389;3751;3658;22;1;0;0;0;0;1;0;0;0;0;0;0;0
2017-08-01;Operations;-1662444;-1670783;85758581;162230830;0;170284;546498957;265045228;3752;3650;24;1;0;0;0;0;0;0;0;0;0;0;0;0
2017-09-01;Operations;-1593175;-1688141;841739860;776277119;0;518914;288859343;287432304;3785;3660;22;0;0;0;0;0;0;0;0;0;0;0;0;0
2017-10-01;Operations;-1695695;-1330112;102990789;195851310;0;112167;240059877;289556930;3816;3679;22;0;0;0;0;0;0;0;1;0;0;0;0;0
2017-11-01;Operations;-1595603;-1352712;218269299;326141685;0;133497;198605815;285868572;3835;3695;23;0;0;0;0;1;0;0;1;1;0;0;0;0
2017-12-01;Operations;-748414;-1354103;1830267065;1515725261;0;1263148;386076913;305519192;3821;3712;22;0;0;0;0;0;0;1;1;2;0;-1;0;0
2018-01-01;Operations;;-1370721;;71558716;0;48618;;298474628;;3629;23;0;1;0;0;0;0;0;0;0;2;1;;0
2018-02-01;Operations;;-1490804;;107207094;0;68259;;302198146;;3582;21;0;0;1;0;0;0;0;0;0;1;0;;0
2018-03-01;Operations;;-1494056;;465761826;0;528189;;308294737;;3535;23;0;0;0;0;0;0;0;0;0;0;0;;0
2018-04-01;Operations;;-1657227;;113564715;0;83029;;328496722;;3716;21;0;0;0;0;0;0;0;0;0;0;0;;0
2018-05-01;Operations;;-1531634;;173205758;0;135014;;333506926;;3713;24;0;0;0;1;0;0;0;0;0;0;0;;0
2018-06-01;Operations;;-1319046;;778861102;0;856556;;333240092;;3737;22;0;0;0;0;0;0;0;0;0;0;0;;0
2018-07-01;Operations;;-1506771;;132164057;0;124008;;348404613;;3744;22;1;0;0;0;0;1;0;2;0;0;0;;0
2018-08-01;Operations;;-1471206;;197485325;0;139912;;353309463;;3760;24;1;0;0;0;0;0;0;2;0;0;0;;0
2018-09-01;Operations;;-1359374;;725787094;0;698292;;349901359;;3898;21;0;0;0;0;0;0;0;2;0;0;0;;0
2018-10-01;Operations;;-1529277;;249679506;0;139584;;374252372;;3897;23;0;0;0;0;0;0;0;2;0;0;0;;0
2018-11-01;Operations;;-1507755;;356584978;0;221449;;373446545;;3901;23;0;0;0;0;1;0;0;2;1;0;0;;0
2018-12-01;Operations;;-1427319;;1451790767;0;1509753;;368847081;;3902;22;0;0;0;0;0;0;1;2;2;0;-1;;0
2013-01-01;Sales & Marketing;-16840696;-11768830;51313128;0;1257858937;0;2544767;3492697;9531;9138;23;0;1;0;0;0;0;0;0;0;2;1;0;0
2013-02-01;Sales & Marketing;-18048469;-12270656;101591585;0;116253364;0;9594000;3565405;10282;9323;22;0;0;1;0;0;0;0;0;0;1;0;0;0
2013-03-01;Sales & Marketing;-15750634;-12417318;459638315;0;130015310;0;31419603;32497820;10468;9441;22;0;0;0;0;0;0;0;0;0;0;0;0;0
2013-04-01;Sales & Marketing;-16596604;-13973715;101784380;0;449982825;0;25883988;31726882;10713;9826;22;0;0;0;0;0;0;0;0;0;0;0;0;0
2013-05-01;Sales & Marketing;-18780660;-12485924;157201275;0;167519875;0;26791262;31987388;10693;9897;24;0;0;0;1;0;0;0;0;0;0;0;0;0
2013-06-01;Sales & Marketing;-17068528;-13844063;756061428;0;183261653;0;28436469;33838292;10706;9927;21;0;0;0;0;0;0;0;0;0;0;0;0;0
2013-07-01;Sales & Marketing;-15667942;-12540826;78529339;0;673539690;0;24347130;34567959;10735;9962;23;1;0;0;0;0;1;0;0;0;0;0;0;0
2013-08-01;Sales & Marketing;-15441752;-12430981;153350890;0;153452715;0;27763194;35036686;10621;9975;23;1;0;0;0;0;0;0;0;0;0;0;0;0
2013-09-01;Sales & Marketing;-17209696;-14020398;772132347;0;208173376;0;40335147;36802564;10660;9994;21;0;0;0;0;0;0;0;0;0;0;0;0;0
2013-10-01;Sales & Marketing;-18319612;-14879050;98508710;0;663541704;0;58674873;68965714;10639;10126;24;0;0;0;0;0;0;0;1;0;0;0;0;0
2013-11-01;Sales & Marketing;-17498243;-13591903;232069537;0;312592025;0;60260520;69367053;10624;10155;22;0;0;0;0;1;0;0;1;1;0;0;0;0
2013-12-01;Sales & Marketing;-19039207;-15457144;1616922560;0;341286214;0;68840070;73936506;10669;10159;22;0;0;0;0;0;0;1;1;2;0;-1;0;0
2014-01-01;Sales & Marketing;-19667183;-18243111;90928297;0;1363093263;32080;59798492;62548366;10823;10335;24;0;1;0;0;0;0;0;0;0;2;1;0;0
2014-02-01;Sales & Marketing;-21390144;-16311719;63941111;0;101079470;46168;61397454;62737184;10803;10336;21;0;0;1;0;0;0;0;0;0;1;0;0;0
2014-03-01;Sales & Marketing;-17706720;-17768908;495077654;0;125286146;191440;78692380;64371156;10848;10304;22;0;0;0;0;0;0;0;0;0;0;0;0;0
2014-04-01;Sales & Marketing;-16536922;-16387273;81762295;0;472876980;24840;66587633;64960370;10884;10232;23;0;0;0;0;0;0;0;0;0;0;0;0;0
2014-05-01;Sales & Marketing;-20308207;-17037824;135353747;0;173185941;64063;76710280;67173575;10885;10260;23;0;0;0;1;0;0;0;0;0;0;0;0;0
2014-06-01;Sales & Marketing;-18969709;-18058508;771666115;0;213185183;262758;73197175;69130310;10909;10294;21;0;0;0;0;0;0;0;0;0;0;0;0;0
2014-07-01;Sales & Marketing;-17921616;-15692324;110538166;0;778727053;49680;82786516;72696052;10947;10336;24;1;0;0;0;0;1;0;0;0;0;0;0;0
2014-08-01;Sales & Marketing;-14307355;-15381153;145171867;0;159231470;36726;77534517;73869545;10961;10335;22;1;0;0;0;0;0;0;0;0;0;0;0;0
2014-09-01;Sales & Marketing;-16985864;-16907268;733605816;0;195195469;351898;75372157;73869577;10970;10331;22;0;0;0;0;0;0;0;0;0;0;0;0;0
2014-10-01;Sales & Marketing;-18454153;-17534688;116253128;0;767707800;45323;84894967;83177049;10950;10461;24;0;0;0;0;0;0;0;1;0;0;0;0;0
2014-11-01;Sales & Marketing;-18454430;-18052624;173867986;0;323076665;144112;80664742;83203839;10932;10452;21;0;0;0;0;1;0;0;1;1;0;0;0;0
2014-12-01;Sales & Marketing;-21138093;-19954092;1692439353;0;396237872;608613;92046823;83208839;10878;10447;23;0;0;0;0;0;0;1;1;2;0;-1;0;0
2015-01-01;Sales & Marketing;-19010207;-17544477;61375684;0;1461901196;11126;91564389;86978054;10852;9929;23;0;1;0;0;0;0;0;0;0;2;1;0;0
2015-02-01;Sales & Marketing;-23543300;-18795432;88826658;0;76686946;24412;83128334;87687967;10875;9963;20;0;0;1;0;0;0;0;0;0;1;0;0;0
2015-03-01;Sales & Marketing;-16260674;-16818768;515831084;0;116044547;140484;97753218;89972133;11006;9987;22;0;0;0;0;0;0;0;0;0;0;0;0;0
2015-04-01;Sales & Marketing;-18457588;-16358544;64542340;0;458081468;31290;91241856;92032158;11121;10211;23;0;0;0;0;0;0;0;0;0;0;0;0;0
2015-05-01;Sales & Marketing;-20310792;-16606425;113943279;0;117149920;39093;97212468;100351874;11142;10202;22;0;0;0;1;0;0;0;0;0;0;0;0;0
2015-06-01;Sales & Marketing;-20972839;-16840551;863440055;0;184407759;189106;109744527;101943957;11128;10192;22;0;0;0;0;0;0;0;0;0;0;0;0;0
2015-07-01;Sales & Marketing;-20739448;-15845860;83201091;0;708751133;57693;109179890;109718415;11185;10186;24;1;0;0;0;0;1;0;1;0;0;0;0;0
2015-08-01;Sales & Marketing;-16666697;-15835796;139351730;0;128815352;30623;106761250;110507661;11259;10203;22;1;0;0;0;0;0;0;1;0;0;0;0;0
2015-09-01;Sales & Marketing;-20517674;-16484283;788326457;0;177918574;244731;113098310;110308242;11357;10216;23;0;0;0;0;0;0;0;1;0;0;0;0;0
2015-10-01;Sales & Marketing;-21475440;-17034355;95545940;0;688682976;60834;109483438;127395339;11394;10262;23;0;0;0;0;0;0;0;1;0;0;0;0;0
2015-11-01;Sales & Marketing;-20178528;-17367164;210818150;0;245323230;67851;109086152;129737612;11391;10256;21;0;0;0;0;1;0;0;1;1;0;0;0;0
2015-12-01;Sales & Marketing;-20341581;-18404157;1644783593;0;356416176;471049;187618476;179187114;11322;10235;24;0;0;0;0;0;0;1;1;2;0;-1;0;0
2016-01-01;Sales & Marketing;-25327697;-22521145;45994403;0;1373770707;21743;136583051;179506437;11309;11630;22;0;1;0;0;0;0;0;0;0;2;1;0;0
2016-02-01;Sales & Marketing;-21976126;-21059766;71790900;0;79545722;42274;200451025;179909922;11250;11579;20;0;0;1;0;0;0;0;0;0;1;0;0;0
2016-03-01;Sales & Marketing;-19508032;-21532805;562766797;0;116078125;252104;185177842;189695429;11282;11377;23;0;0;0;0;0;0;0;0;0;0;0;0;0
2016-04-01;Sales & Marketing;-22976159;-20971388;59679136;0;497307875;73172;172296918;193686921;11013;11299;23;0;0;0;0;0;0;0;0;0;0;0;0;0
2016-05-01;Sales & Marketing;-19075395;-20756223;118909311;0;132988498;90979;177113092;194728146;10928;11288;22;0;0;0;1;0;0;0;0;0;0;0;0;0
2016-06-01;Sales & Marketing;-20538135;-22287719;799375726;0;182996800;378034;212040182;200043165;10904;11262;23;0;0;0;0;0;0;0;0;0;0;0;0;0
2016-07-01;Sales & Marketing;-18511396;-18989775;81664025;0;746713355;71098;173573418;209905061;10842;10974;23;1;0;0;0;0;1;0;0;0;0;0;0;0
2016-08-01;Sales & Marketing;-16930486;-18185709;102102260;0;127821281;106220;183138748;210404141;10750;10914;22;1;0;0;0;0;0;0;0;0;0;0;0;0
2016-09-01;Sales & Marketing;-18784882;-20879797;846121178;0;166210200;410872;255692284;217416522;10656;10847;23;0;0;0;0;0;0;0;0;0;0;0;0;0
2016-10-01;Sales & Marketing;-18397943;-19385013;132417746;0;710084673;180650;148370637;227800101;10599;10894;22;0;0;0;0;0;0;0;1;0;0;0;0;0
2016-11-01;Sales & Marketing;-19239721;-19805063;267735321;0;216254908;128883;163775516;228695663;10652;10934;22;0;0;0;0;1;0;0;1;1;0;0;0;0
2016-12-01;Sales & Marketing;-23005406;-20507601;1750375131;0;319567231;764609;325093986;238517313;10644;10683;24;0;0;0;0;0;0;1;1;2;0;-1;0;0
2017-01-01;Sales & Marketing;-22731784;-23110466;40175718;0;1447505900;33936;201254506;224033699;10717;10719;22;0;1;0;0;0;0;0;0;0;2;1;0;0
2017-02-01;Sales & Marketing;-19433690;-20693415;68311764;0;63939728;79259;201636879;225151773;10796;10893;22;0;0;1;0;0;0;0;0;0;1;0;0;0
2017-03-01;Sales & Marketing;-22398215;-22492648;504673287;0;107231308;251131;286669952;235646393;10843;11037;24;0;0;0;0;0;0;0;0;0;0;0;0;0
2017-04-01;Sales & Marketing;-21322723;-19727681;90119372;0;530237089;81360;239144909;241250761;11028;11121;21;0;0;0;0;0;0;0;0;0;0;0;0;0
2017-05-01;Sales & Marketing;-22297407;-20140105;169746020;0;102036282;142244;268065748;246257996;11155;11167;23;0;0;0;1;0;0;0;0;0;0;0;0;0
2017-06-01;Sales & Marketing;-22443297;-22459729;803438731;0;170307810;530599;238145294;252521049;11201;11230;23;0;0;0;0;0;0;0;0;0;0;0;0;0
2017-07-01;Sales & Marketing;-21144947;-18317424;119102894;0;798495705;72114;-43070987;259918389;11282;11334;22;1;0;0;0;0;1;0;0;0;0;0;0;0
2017-08-01;Sales & Marketing;-20845563;-18363878;85483588;0;102639953;170284;546498957;265045228;11436;11412;24;1;0;0;0;0;0;0;0;0;0;0;0;0
2017-09-01;Sales & Marketing;-24066776;-20537484;841576441;0;161931330;518914;288859343;287432304;11546;11488;22;0;0;0;0;0;0;0;0;0;0;0;0;0
2017-10-01;Sales & Marketing;-21466078;-19398619;102853948;0;776554277;112167;240059877;289556930;11598;11570;22;0;0;0;0;0;0;0;1;0;0;0;0;0
2017-11-01;Sales & Marketing;-21860953;-19460116;218186783;0;195550810;133497;198605815;285868572;11646;11550;23;0;0;0;0;1;0;0;1;1;0;0;0;0
2017-12-01;Sales & Marketing;-22544727;-21598646;1830036160;0;325841185;1263148;386076913;305519192;11663;11592;22;0;0;0;0;0;0;1;1;2;0;-1;0;0
2018-01-01;Sales & Marketing;;-23190379;;0;1515661959;48618;;298474628;;11776;23;0;1;0;0;0;0;0;0;0;2;1;;0
2018-02-01;Sales & Marketing;;-21617565;;0;71543846;68259;;302198146;;11914;21;0;0;1;0;0;0;0;0;0;1;0;;0
2018-03-01;Sales & Marketing;;-27383695;;0;107191924;528189;;308294737;;12054;23;0;0;0;0;0;0;0;0;0;0;0;;0
2018-04-01;Sales & Marketing;;-20769058;;0;465506126;83029;;328496722;;12192;21;0;0;0;0;0;0;0;0;0;0;0;;0
2018-05-01;Sales & Marketing;;-21490925;;0;113530395;135014;;333506926;;12271;24;0;0;0;1;0;0;0;0;0;0;0;;0
2018-06-01;Sales & Marketing;;-23505583;;0;173171238;856556;;333240092;;12323;22;0;0;0;0;0;0;0;0;0;0;0;;0
2018-07-01;Sales & Marketing;;-19893151;;0;778419112;124008;;348404613;;12379;22;1;0;0;0;0;1;0;2;0;0;0;;0
2018-08-01;Sales & Marketing;;-20039415;;0;132135037;139912;;353309463;;12369;24;1;0;0;0;0;0;0;2;0;0;0;;0
2018-09-01;Sales & Marketing;;-23284597;;0;197456305;698292;;349901359;;12325;21;0;0;0;0;0;0;0;2;0;0;0;;0
2018-10-01;Sales & Marketing;;-21314628;;0;725369214;139584;;374252372;;12263;23;0;0;0;0;0;0;0;2;0;0;0;;0
2018-11-01;Sales & Marketing;;-21599742;;0;249637816;221449;;373446545;;12224;23;0;0;0;0;1;0;0;2;1;0;0;;0
2018-12-01;Sales & Marketing;;-23629828;;0;356543238;1509753;;368847081;;12330;22;0;0;0;0;0;0;1;2;2;0;-1;;0
2013-01-01;R&D;-3731273;-4746804;56135371;124301423;0;0;0;0;18231;18923;23;0;1;0;0;0;0;0;0;0;2;1;0;0
2013-02-01;R&D;-4429175;-5092406;109923870;141323970;0;0;0;0;18454;19040;22;0;0;1;0;0;0;0;0;0;1;0;0;0
2013-03-01;R&D;-5445262;-4861780;495455883;505884208;0;0;0;0;18638;19161;22;0;0;0;0;0;0;0;0;0;0;0;0;0
2013-04-01;R&D;-5425941;-5372971;121294678;173255238;0;0;0;0;18783;19707;22;0;0;0;0;0;0;0;0;0;0;0;0;0
2013-05-01;R&D;-4768880;-5283184;167236523;190136012;0;0;0;0;19090;19829;24;0;0;0;1;0;0;0;0;0;0;0;0;0
2013-06-01;R&D;-4090306;-5325382;796005501;723702301;0;0;0;0;19241;19982;21;0;0;0;0;0;0;0;0;0;0;0;0;0
2013-07-01;R&D;-4372976;-4880814;84712578;158975741;0;0;0;0;19557;20318;23;1;0;0;0;0;1;0;0;0;0;0;0;0
2013-08-01;R&D;-3286963;-4797746;162433462;218701030;0;0;0;0;19579;20382;23;1;0;0;0;0;0;0;0;0;0;0;0;0
2013-09-01;R&D;-4835590;-4781249;799799158;709134992;0;0;0;0;19627;20426;21;0;0;0;0;0;0;0;0;0;0;0;0;0
2013-10-01;R&D;-5436014;-5092445;104458617;319036303;0;0;0;0;19692;20423;24;0;0;0;0;0;0;0;1;0;0;0;0;0
2013-11-01;R&D;-5220975;-5055213;238325611;351753096;0;0;0;0;19567;20345;22;0;0;0;0;1;0;0;1;1;0;0;0;0
2013-12-01;R&D;-4052387;-5173304;1658323458;1440317825;0;0;0;0;19580;20431;22;0;0;0;0;0;0;1;1;2;0;-1;0;0
2014-01-01;R&D;-3596555;-4766221;96042368;107658286;0;0;0;0;19547;20120;24;0;1;0;0;0;0;0;0;0;2;1;0;0
2014-02-01;R&D;-4346847;-4710462;68047647;131812243;0;0;0;0;19553;20173;21;0;0;1;0;0;0;0;0;0;1;0;0;0
2014-03-01;R&D;-5252908;-4729130;521456586;507497721;0;0;0;0;19623;20271;22;0;0;0;0;0;0;0;0;0;0;0;0;0
2014-04-01;R&D;-4628661;-5196050;85623708;181568333;0;0;0;0;19768;20464;23;0;0;0;0;0;0;0;0;0;0;0;0;0
2014-05-01;R&D;-5237391;-5157592;139851562;221022557;0;0;0;0;19665;20459;23;0;0;0;1;0;0;0;0;0;0;0;0;0
2014-06-01;R&D;-5045101;-5210619;815698191;814556372;0;0;0;0;19665;20498;21;0;0;0;0;0;0;0;0;0;0;0;0;0
2014-07-01;R&D;-5204888;-4727356;117768497;167448497;0;0;0;0;19750;20613;24;1;0;0;0;0;1;0;0;0;0;0;0;0
2014-08-01;R&D;-3545316;-4603990;150633201;208941585;0;0;0;0;19687;20592;22;1;0;0;0;0;0;0;0;0;0;0;0;0
2014-09-01;R&D;-3386109;-4728969;778857502;812332252;0;0;0;0;19697;20703;22;0;0;0;0;0;0;0;0;0;0;0;0;0
2014-10-01;R&D;-4412936;-4786041;125167462;353416838;0;0;0;0;19795;20790;24;0;0;0;0;0;0;0;1;0;0;0;0;0
2014-11-01;R&D;-5006397;-4618458;179033942;419834716;0;0;0;0;19531;20578;21;0;0;0;0;1;0;0;1;1;0;0;0;0
2014-12-01;R&D;-3901971;-4739794;1744907872;1549912194;0;0;0;0;19555;20584;23;0;0;0;0;0;0;1;1;2;0;-1;0;0
2015-01-01;R&D;-3930635;-3557277;61646854;82772552;0;0;0;0;19597;19464;23;0;1;0;0;0;0;0;0;0;2;1;0;0
2015-02-01;R&D;-4100496;-3618503;90691211;123095994;0;0;0;0;19559;19626;20;0;0;1;0;0;0;0;0;0;1;0;0;0
2015-03-01;R&D;-5422503;-4148140;521936867;501398404;0;0;0;0;19514;19497;22;0;0;0;0;0;0;0;0;0;0;0;0;0
2015-04-01;R&D;-5017233;-4789866;65245452;123806206;0;0;0;0;19517;19684;23;0;0;0;0;0;0;0;0;0;0;0;0;0
2015-05-01;R&D;-5230416;-4842964;114725143;193914631;0;0;0;0;19545;19701;22;0;0;0;1;0;0;0;0;0;0;0;0;0
2015-06-01;R&D;-5362733;-4860846;864427444;768686699;0;0;0;0;19667;19771;22;0;0;0;0;0;0;0;0;0;0;0;0;0
2015-07-01;R&D;-4472266;-4878763;84741993;136020657;0;0;0;0;19874;19767;24;1;0;0;0;0;1;0;1;0;0;0;0;0
2015-08-01;R&D;-3996429;-4914373;139325283;187145815;0;0;0;0;19974;19847;22;1;0;0;0;0;0;0;1;0;0;0;0;0
2015-09-01;R&D;-5143379;-5092062;789435615;766720815;0;0;0;0;20154;19860;23;0;0;0;0;0;0;0;1;0;0;0;0;0
2015-10-01;R&D;-5344948;-5552665;96125828;254354323;0;0;0;0;20246;19356;23;0;0;0;0;0;0;0;1;0;0;0;0;0
2015-11-01;R&D;-4919315;-5688175;211701241;368177971;0;0;0;0;20247;19338;21;0;0;0;0;1;0;0;1;1;0;0;0;0
2015-12-01;R&D;-4022879;-5630474;1647950929;1495469388;0;0;0;0;20286;19340;24;0;0;0;0;0;0;1;1;2;0;-1;0;0
2016-01-01;R&D;-5062419;-4236135;45475689;80116212;0;0;0;0;20357;20362;22;0;1;0;0;0;0;0;0;0;2;1;0;0
2016-02-01;R&D;-5227891;-4525260;72094401;116648615;0;0;0;0;20300;20428;20;0;0;1;0;0;0;0;0;0;1;0;0;0
2016-03-01;R&D;-6575991;-4918411;563227187;497878088;0;0;0;0;20275;20458;23;0;0;0;0;0;0;0;0;0;0;0;0;0
2016-04-01;R&D;-5862912;-4772781;60312529;133557658;0;0;0;0;20330;20928;23;0;0;0;0;0;0;0;0;0;0;0;0;0
2016-05-01;R&D;-4535404;-4957794;119052503;183565960;0;0;0;0;20350;21020;22;0;0;0;1;0;0;0;0;0;0;0;0;0
2016-06-01;R&D;-5111506;-4971024;799239010;747282789;0;0;0;0;20449;21026;23;0;0;0;0;0;0;0;0;0;0;0;0;0
2016-07-01;R&D;-4547794;-4857340;82082439;128388121;0;0;0;0;20698;21347;23;1;0;0;0;0;1;0;0;0;0;0;0;0
2016-08-01;R&D;-3955780;-4903024;102544958;166777040;0;0;0;0;20900;21414;22;1;0;0;0;0;0;0;0;0;0;0;0;0
2016-09-01;R&D;-4592659;-4924707;845728664;710651531;0;0;0;0;21124;21473;23;0;0;0;0;0;0;0;0;0;0;0;0;0
2016-10-01;R&D;-5312291;-5499504;132866095;216828601;0;0;0;0;21354;21806;22;0;0;0;0;0;0;0;1;0;0;0;0;0
2016-11-01;R&D;-5547678;-5446253;268247772;320140870;0;0;0;0;21524;21819;22;0;0;0;0;1;0;0;1;1;0;0;0;0
2016-12-01;R&D;-3853943;-5428137;1750047410;1448079595;0;0;0;0;21669;21830;24;0;0;0;0;0;0;1;1;2;0;-1;0;0
2017-01-01;R&D;-4614715;-6036274;40365781;64238228;0;0;0;0;21776;21828;22;0;1;0;0;0;0;0;0;0;2;1;0;0
2017-02-01;R&D;-7695455;-6034148;68832789;107529808;0;0;0;0;21800;22051;22;0;0;1;0;0;0;0;0;0;1;0;0;0
2017-03-01;R&D;-4419362;-6151723;504512562;530487130;0;0;0;0;21850;22297;24;0;0;0;0;0;0;0;0;0;0;0;0;0
2017-04-01;R&D;-5672277;-6509003;90252233;102334782;0;0;0;0;21978;22571;21;0;0;0;0;0;0;0;0;0;0;0;0;0
2017-05-01;R&D;-5338686;-6523394;169766741;170606310;0;0;0;0;22101;22826;23;0;0;0;1;0;0;0;0;0;0;0;0;0
2017-06-01;R&D;-5795390;-6756831;804086364;797748287;0;0;0;0;22289;23052;23;0;0;0;0;0;0;0;0;0;0;0;0;0
2017-07-01;R&D;-5202700;-5475490;119003465;102938453;0;0;0;0;22586;23248;22;1;0;0;0;0;1;0;0;0;0;0;0;0
2017-08-01;R&D;-5321823;-5477744;85758581;162230830;0;0;0;0;22881;23379;24;1;0;0;0;0;0;0;0;0;0;0;0;0
2017-09-01;R&D;-6484659;-5725400;841739860;776277119;0;0;0;0;23137;23481;22;0;0;0;0;0;0;0;0;0;0;0;0;0
2017-10-01;R&D;-8261603;-6298513;102990789;195851310;0;0;0;0;23426;23584;22;0;0;0;0;0;0;0;1;0;0;0;0;0
2017-11-01;R&D;-6281878;-6313168;218269299;326141685;0;0;0;0;23567;23661;23;0;0;0;0;1;0;0;1;1;0;0;0;0
2017-12-01;R&D;-4639716;-6383891;1830267065;1515725261;0;0;0;0;23671;23754;22;0;0;0;0;0;0;1;1;2;0;-1;0;0
2018-01-01;R&D;;-6253579;;71558716;0;0;;0;;23784;23;0;1;0;0;0;0;0;0;0;2;1;;0
2018-02-01;R&D;;-6367861;;107207094;0;0;;0;;24078;21;0;0;1;0;0;0;0;0;0;1;0;;0
2018-03-01;R&D;;-6603951;;465761826;0;0;;0;;24341;23;0;0;0;0;0;0;0;0;0;0;0;;0
2018-04-01;R&D;;-5972487;;113564715;0;0;;0;;24529;21;0;0;0;0;0;0;0;0;0;0;0;;0
2018-05-01;R&D;;-5909362;;173205758;0;0;;0;;24809;24;0;0;0;1;0;0;0;0;0;0;0;;0
2018-06-01;R&D;;-6176060;;778861102;0;0;;0;;25057;22;0;0;0;0;0;0;0;0;0;0;0;;0
2018-07-01;R&D;;-5404545;;132164057;0;0;;0;;24819;22;1;0;0;0;0;1;0;2;0;0;0;;0
2018-08-01;R&D;;-5544185;;197485325;0;0;;0;;25017;24;1;0;0;0;0;0;0;2;0;0;0;;0
2018-09-01;R&D;;-6179451;;725787094;0;0;;0;;25213;21;0;0;0;0;0;0;0;2;0;0;0;;0
2018-10-01;R&D;;-6473588;;249679506;0;0;;0;;25350;23;0;0;0;0;0;0;0;2;0;0;0;;0
2018-11-01;R&D;;-6050692;;356584978;0;0;;0;;25394;23;0;0;0;0;1;0;0;2;1;0;0;;0
2018-12-01;R&D;;-6597805;;1451790767;0;0;;0;;25244;22;0;0;0;0;0;0;1;2;2;0;-1;;0
